-0.2354, 14.46
-0.2375, 15.69
-0.2105, 9.790
-0.1897, 20.35
-0.1814, 16.93
-0.1689, 10.30
-0.1710, 16.93
-0.1523, 18.50
-0.1523, 19.63
-0.1274, 10.67
-0.09835, 14.17
-0.09420, 13.79
-0.08174, 17.81
-0.07759, 16.03
-0.06098, 12.82
-0.05267, 20.47
-0.04437, 14.04
-0.04437, 17.45
-0.03606, 20.45
-0.03191, 16.35
-0.02361, 20.73
-0.02153, 16.36
-0.006998, 16.79
0.01376, 19.03
0.01792, 17.88
0.03868, 11.83
0.03868, 19.40
0.04283, 13.20
0.04698, 15.84
0.05113, 18.87
0.05529, 19.13
0.06774, 12.56
0.07190, 10.85
0.07605, 18.39
0.08394, 13.98
0.08851, 14.61
0.08851, 18.25
0.09266, 17.83
0.09681, 14.37
0.1051, 12.21
0.1051, 13.51
0.1051, 18.08
0.1217, 15.43
0.1259, 12.50
0.1259, 16.76
0.1259, 18.71
0.1300, 16.53
0.1342, 11.55
0.1342, 13.77
0.1466, 16.53
0.1508, 10.11
0.1446, 11.54
0.1549, 12.04
0.1549, 18.46
0.1632, 16.25
0.1632, 21.13
0.1757, 14.74
0.1757, 20.31
0.1799, 12.79
0.1799, 17.55
0.1840, 16.79
0.1882, 19.69
0.1961, 15.83
0.1965, 17.48
0.2006, 13.76
0.2048, 15.62
0.2027, 15.92
0.2145, 12.01
0.2127, 16.28
0.2172, 8.911
0.2172, 18.50
0.2228, 13.18
0.2214, 18.31
0.2255, 12.84
0.2276, 12.02
0.2338, 13.38
0.2338, 17.92
0.2338, 13.12
0.2380, 14.04
0.2380, 15.41
0.2380, 18.59
0.2421, 17.04
0.2463, 14.71
0.2463, 16.00
0.2504, 10.38
0.2504, 15.65
0.2546, 14.37
0.2546, 14.58
0.2546, 20.68
0.2588, 18.27
0.2608, 14.66
0.2625, 15.08
0.2629, 18.96
0.2608, 10.37
0.2671, 13.33
0.2671, 13.48
0.2684, 16.12
0.2671, 18.08
0.2708, 12.05
0.2712, 15.71
0.2754, 14.40
0.2758, 15.39
0.2754, 16.69
0.2774, 12.14
0.2795, 12.98
0.2795, 18.22
0.2799, 18.49
0.2795, 20.49
0.2774, 16.13
0.2841, 16.50
0.2892, 15.07
0.2878, 15.58
0.2920, 13.22
0.2920, 16.26
0.2961, 10.87
0.2961, 12.62
0.2940, 13.01
0.2961, 18.97
0.2957, 19.56
0.3003, 13.44
0.3003, 14.30
0.3003, 14.91
0.2940, 16.49
0.3040, 11.20
0.3044, 13.61
0.3044, 15.81
0.3044, 16.67
0.3090, 11.90
0.3086, 15.17
0.3086, 18.21
0.3086, 19.19
0.3141, 13.94
0.3127, 17.40
0.3169, 8.245
0.3169, 13.42
0.3181, 13.81
0.3169, 14.15
0.3169, 14.43
0.3169, 14.86
0.3169, 20.58
0.3210, 9.156
0.3190, 13.64
0.3219, 15.88
0.3210, 16.10
0.3213, 17.53
0.3190, 11.89
0.3252, 13.22
0.3252, 14.97
0.3190, 15.17
0.3252, 16.50
0.3289, 12.99
0.3293, 16.34
0.3293, 18.69
0.3335, 9.909
0.3273, 13.79
0.3314, 13.92
0.3335, 14.18
0.3273, 14.87
0.3335, 15.71
0.3335, 17.27
0.3335, 18.87
0.3335, 19.18
0.3381, 8.334
0.3314, 9.160
0.3376, 9.451
0.3376, 13.05
0.3389, 14.28
0.3376, 15.37
0.3376, 15.48
0.3314, 15.84
0.3335, 17.46
0.3422, 12.68
0.3397, 13.22
0.3418, 13.35
0.3460, 12.14
0.3473, 14.44
0.3447, 16.36
0.3497, 11.77
0.3439, 15.70
0.3501, 17.04
0.3460, 18.85
0.3556, 12.96
0.3543, 13.64
0.3543, 14.87
0.3480, 15.48
0.3538, 16.15
0.3522, 12.66
0.3522, 13.35
0.3588, 13.85
0.3584, 19.60
0.3639, 14.19
0.3563, 14.39
0.3626, 16.42
0.3626, 17.40
0.3667, 9.944
0.3667, 12.26
0.3667, 15.02
0.3667, 20.01
0.3709, 6.417
0.3688, 13.00
0.3688, 13.11
0.3709, 16.15
0.3709, 18.11
0.3709, 18.69
0.3709, 19.08
0.3754, 12.05
0.3750, 13.24
0.3750, 13.50
0.3764, 13.74
0.3750, 14.62
0.3764, 15.88
0.3750, 18.85
0.3792, 10.37
0.3804, 13.85
0.3743, 14.18
0.3792, 14.77
0.3788, 15.15
0.3792, 16.44
0.3796, 17.13
0.3837, 11.80
0.3833, 14.29
0.3847, 15.54
0.3829, 20.31
0.3875, 8.202
0.3875, 9.132
0.3875, 10.86
0.3879, 11.23
0.3875, 12.28
0.3854, 13.08
0.3875, 14.97
0.3875, 15.29
0.3882, 16.13
0.3854, 12.04
0.3916, 13.27
0.3916, 13.63
0.3916, 14.44
0.3920, 14.60
0.3875, 15.82
0.3958, 10.04
0.3970, 13.51
0.3896, 13.78
0.3958, 13.97
0.3916, 16.44
0.3999, 7.583
0.3979, 11.75
0.4008, 12.93
0.3999, 14.84
0.3999, 15.59
0.3999, 17.58
0.3999, 19.18
0.4041, 8.281
0.4041, 9.191
0.4041, 11.19
0.4041, 11.93
0.3999, 12.28
0.4041, 15.16
0.4053, 15.93
0.3999, 16.13
0.4041, 18.87
0.4082, 8.813
0.4089, 10.42
0.4075, 14.44
0.4020, 14.60
0.4082, 20.35
0.4133, 10.05
0.4120, 13.46
0.4124, 14.27
0.4124, 14.72
0.4124, 16.86
0.4165, 10.30
0.4165, 10.96
0.4103, 12.96
0.4165, 14.83
0.4124, 15.62
0.4165, 21.09
0.4207, 9.629
0.4207, 12.25
0.4186, 15.88
0.4207, 17.95
0.4203, 20.03
0.4248, 5.195
0.4248, 5.355
0.4207, 10.14
0.4248, 11.72
0.4257, 13.73
0.4248, 14.36
0.4290, 8.147
0.4269, 10.01
0.4290, 11.90
0.4290, 13.52
0.4297, 14.09
0.4297, 14.24
0.4294, 14.68
0.4290, 15.00
0.4290, 15.48
0.4228, 16.87
0.4332, 10.35
0.4332, 11.19
0.4373, 6.791
0.4369, 10.51
0.4373, 12.13
0.4373, 13.93
0.4373, 16.28
0.4373, 17.24
0.4311, 17.91
0.4377, 19.12
0.4352, 20.01
0.4415, 7.839
0.4415, 8.872
0.4415, 9.538
0.4415, 10.14
0.4419, 11.09
0.4415, 12.44
0.4415, 13.01
0.4415, 13.57
0.4415, 15.21
0.4415, 15.74
0.4415, 20.12
0.4452, 11.38
0.4460, 14.13
0.4456, 14.35
0.4408, 14.65
0.4415, 15.02
0.4415, 15.46
0.4498, 5.877
0.4498, 7.272
0.4498, 10.37
0.4510, 10.75
0.4498, 10.91
0.4498, 16.88
0.4502, 17.10
0.4498, 18.49
0.4539, 8.655
0.4518, 11.19
0.4518, 13.05
0.4498, 13.91
0.4539, 14.82
0.4539, 16.32
0.4535, 16.45
0.4539, 17.32
0.4539, 19.86
0.4581, 7.891
0.4593, 13.36
0.4581, 13.53
0.4518, 15.73
0.4581, 17.96
0.4622, 12.09
0.4560, 14.13
0.4560, 14.36
0.4610, 14.98
0.4622, 15.21
0.4622, 19.52
0.4664, 5.636
0.4660, 8.794
0.4643, 10.67
0.4664, 11.91
0.4601, 16.90
0.4664, 19.18
0.4664, 20.89
0.4705, 9.928
0.4684, 14.77
0.4684, 16.44
0.4696, 20.03
0.4747, 5.534
0.4747, 7.292
0.4747, 9.688
0.4759, 13.02
0.4726, 13.26
0.4747, 13.51
0.4747, 15.78
0.4788, 9.317
0.4788, 11.22
0.4788, 11.62
0.4788, 12.86
0.4788, 15.60
0.4788, 18.10
0.4788, 20.63
0.4830, 10.93
0.4830, 11.32
0.4830, 12.64
0.4809, 14.71
0.4830, 20.11
0.4871, 8.884
0.4871, 10.27
0.4871, 12.45
0.4913, 11.47
0.4851, 13.02
0.4954, 7.457
0.4954, 9.767
0.4963, 11.67
0.4892, 12.88
0.4963, 14.35
0.4954, 15.32
0.4967, 16.81
0.4954, 17.20
0.4892, 18.10
0.4954, 18.65
0.4950, 19.81
0.4892, 20.62
0.5008, 8.684
0.4996, 9.061
0.4996, 10.55
0.5005, 13.91
0.5037, 14.54
0.5079, 6.728
0.5079, 13.67
0.5079, 14.19
0.5086, 14.68
0.5079, 15.17
0.5075, 16.44
0.5120, 9.786
0.5125, 11.70
0.5100, 14.31
0.5120, 14.93
0.5120, 15.61
0.5100, 16.85
0.5116, 17.98
0.5134, 18.43
0.5166, 8.621
0.5141, 9.065
0.5162, 10.57
0.5162, 10.78
0.5162, 13.47
0.5100, 13.88
0.5141, 16.35
0.5162, 20.33
0.5162, 21.91
0.5193, 18.05
0.5204, 19.60
0.5245, 7.705
0.5249, 11.81
0.5245, 14.20
0.5214, 14.67
0.5245, 19.37
0.5245, 20.19
0.5299, 10.93
0.5280, 18.38
0.5287, 8.655
0.5328, 10.37
0.5328, 10.49
0.5328, 10.81
0.5337, 12.16
0.5342, 12.93
0.5307, 13.46
0.5328, 13.58
0.5332, 15.14
0.5328, 15.62
0.5328, 16.88
0.5370, 10.04
0.5370, 11.30
0.5370, 11.93
0.5370, 12.53
0.5370, 12.77
0.5370, 15.50
0.5370, 16.23
0.5411, 6.235
0.5411, 7.118
0.5415, 9.374
0.5411, 18.62
0.5453, 10.93
0.5453, 11.09
0.5453, 17.36
0.5453, 17.93
0.5453, 18.15
0.5432, 18.35
0.5465, 10.43
0.5465, 12.06
0.5453, 12.86
0.5501, 15.11
0.5498, 16.90
0.5490, 21.29
0.5536, 10.64
0.5473, 11.29
0.5536, 11.52
0.5536, 13.72
0.5536, 14.72
0.5536, 20.70
0.5545, 21.06
0.5515, 9.365
0.5577, 9.834
0.5581, 12.24
0.5577, 10.89
0.5619, 16.75
0.5664, 10.02
0.5660, 11.14
0.5660, 11.82
0.5660, 14.81
0.5648, 15.14
0.5660, 17.07
0.5660, 19.00
0.5702, 11.52
0.5702, 12.95
0.5695, 15.21
0.5702, 15.38
0.5702, 18.11
0.5702, 20.57
0.5640, 21.01
0.5743, 8.659
0.5681, 9.838
0.5743, 11.94
0.5743, 14.95
0.5757, 19.40
0.5785, 10.71
0.5785, 13.31
0.5764, 10.03
0.5785, 13.00
0.5826, 13.50
0.5826, 14.62
0.5826, 19.06
0.5868, 9.656
0.5877, 12.36
0.5909, 7.422
0.5909, 8.659
0.5889, 19.33
0.5951, 7.296
0.5951, 11.50
0.5951, 11.75
0.5955, 12.21
0.5960, 12.63
0.5972, 13.50
0.5992, 14.80
0.5992, 18.33
0.6001, 18.74
0.6048, 11.59
0.6046, 12.43
0.6030, 12.91
0.6048, 15.43
0.6013, 8.671
0.6076, 10.05
0.6076, 10.87
0.6076, 19.92
0.6117, 11.36
0.6117, 12.06
0.6055, 12.58
0.6117, 16.45
0.6096, 18.70
0.6204, 10.49
0.6138, 11.51
0.6200, 12.33
0.6159, 15.43
0.6246, 9.721
0.6231, 10.64
0.6242, 15.09
0.6200, 19.94
0.6242, 10.70
0.6283, 17.23
0.6279, 17.80
0.6283, 19.34
0.6325, 11.69
0.6325, 19.79
0.6366, 7.181
0.6366, 7.835
0.6366, 9.384
0.6366, 10.01
0.6366, 12.29
0.6366, 13.16
0.6366, 16.07
0.6370, 16.87
0.6345, 17.90
0.6408, 11.85
0.6449, 13.64
0.6449, 20.92
0.6491, 10.39
0.6491, 11.30
0.6491, 22.12
0.6532, 7.969
0.6532, 8.301
0.6470, 9.396
0.6532, 9.830
0.6545, 13.97
0.6501, 16.92
0.6574, 11.14
0.6553, 11.84
0.6586, 12.54
0.6574, 13.00
0.6574, 16.66
0.6574, 19.79
0.6624, 7.004
0.6615, 10.20
0.6615, 10.65
0.6615, 14.54
0.6611, 21.86
0.6657, 6.354
0.6657, 11.29
0.6657, 13.70
0.6657, 14.37
0.6657, 15.49
0.6657, 15.84
0.6657, 17.98
0.6698, 10.86
0.6698, 13.87
0.6667, 14.05
0.6698, 20.98
0.6719, 12.57
0.6740, 17.58
0.6777, 10.26
0.6781, 19.58
0.6781, 20.75
0.6823, 9.053
0.6823, 9.502
0.6823, 11.88
0.6823, 13.58
0.6823, 15.78
0.6823, 17.26
0.6869, 16.41
0.6864, 22.00
0.6910, 11.57
0.6948, 11.21
0.6948, 13.68
0.6935, 19.70
0.6989, 15.82
0.7010, 11.48
0.7031, 13.23
0.7031, 13.88
0.7031, 16.12
0.6968, 16.40
0.7031, 16.62
0.7031, 11.60
0.7072, 20.86
0.7126, 11.71
0.7114, 12.87
0.7114, 18.37
0.7155, 10.96
0.7155, 14.46
0.7155, 15.60
0.7134, 15.84
0.7134, 16.11
0.7238, 13.82
0.7238, 17.11
0.7242, 18.77
0.7280, 10.51
0.7280, 11.37
0.7259, 11.62
0.7280, 12.40
0.7280, 19.60
0.7325, 13.63
0.7321, 14.46
0.7363, 8.399
0.7363, 9.881
0.7363, 12.63
0.7363, 15.88
0.7363, 16.10
0.7367, 19.27
0.7404, 15.64
0.7342, 18.76
0.7446, 9.373
0.7384, 10.50
0.7446, 16.45
0.7446, 16.82
0.7487, 13.18
0.7483, 18.42
0.7487, 19.66
0.7529, 7.981
0.7467, 8.387
0.7529, 9.223
0.7529, 10.99
0.7525, 13.34
0.7529, 16.62
0.7529, 16.90
0.7529, 17.26
0.7487, 19.29
0.7529, 21.68
0.7558, 15.63
0.7591, 16.80
0.7653, 14.86
0.7660, 15.69
0.7674, 13.36
0.7695, 19.82
0.7699, 21.80
0.7736, 9.514
0.7736, 10.48
0.7736, 12.49
0.7736, 16.16
0.7736, 16.40
0.7736, 18.12
0.7778, 13.23
0.7790, 19.23
0.7819, 9.798
0.7819, 9.924
0.7819, 20.25
0.7861, 11.02
0.7903, 4.911
0.7903, 11.25
0.7840, 12.50
0.7903, 15.51
0.7944, 19.10
0.7986, 12.91
0.8027, 10.83
0.8027, 11.62
0.8031, 15.14
0.8027, 18.65
0.8027, 19.73
0.8082, 13.10
0.8110, 11.46
0.8152, 17.57
0.8172, 15.18
0.8193, 18.36
0.8193, 13.04
0.8235, 14.11
0.8235, 16.04
0.8276, 11.40
0.8272, 16.20
0.8318, 7.276
0.8255, 17.56
0.8318, 20.52
0.8359, 16.92
0.8401, 13.22
0.8401, 13.98
0.8339, 16.05
0.8401, 19.48
0.8380, 11.40
0.8442, 12.75
0.8447, 12.91
0.8484, 19.69
0.8525, 19.02
0.8567, 14.28
0.8567, 14.48
0.8567, 18.49
0.8604, 9.283
0.8622, 11.25
0.8588, 12.75
0.8546, 12.90
0.8608, 13.10
0.8650, 15.16
0.8650, 17.89
0.8705, 11.82
0.8691, 13.73
0.8691, 16.99
0.8691, 19.91
0.8733, 9.566
0.8733, 15.74
0.8671, 18.48
0.8733, 19.31
0.8733, 20.17
0.8743, 11.21
0.8775, 16.31
0.8775, 17.42
0.8816, 11.75
0.8858, 11.88
0.8862, 17.56
0.8899, 12.19
0.8982, 12.44
0.8991, 13.03
0.8982, 14.11
0.9024, 11.73
0.8989, 11.89
0.9024, 16.69
0.9065, 19.76
0.9065, 20.07
0.9111, 10.73
0.9086, 13.01
0.9190, 17.17
0.9190, 17.30
0.9235, 13.22
0.9231, 13.79
0.9231, 16.34
0.9227, 18.96
0.9314, 11.43
0.9318, 16.03
0.9328, 16.89
0.9356, 9.920
0.9356, 10.20
0.9356, 12.41
0.9356, 14.83
0.9397, 9.440
0.9397, 13.25
0.9397, 15.06
0.9393, 18.64
0.9397, 19.22
0.9439, 11.10
0.9439, 11.66
0.9418, 16.11
0.9439, 22.35
0.9480, 7.867
0.9494, 10.77
0.9480, 12.11
0.9480, 14.08
0.9418, 16.87
0.9522, 9.881
0.9522, 12.00
0.9480, 12.41
0.9522, 13.03
0.9563, 13.25
0.9563, 13.44
0.9563, 17.89
0.9563, 18.14
0.9605, 20.25
0.9605, 10.73
0.9688, 11.96
0.9688, 18.28
0.9667, 13.24
0.9730, 13.49
0.9771, 15.09
0.9771, 15.97
0.9771, 18.40
0.9709, 20.24
0.9820, 13.55
0.9868, 16.72
0.9896, 13.23
0.9896, 17.63
0.9937, 18.55
0.9979, 11.24
0.9983, 19.34
1.002, 11.67
1.002, 14.64
1.002, 16.68
1.006, 14.11
1.006, 18.65
1.010, 12.03
1.010, 14.40
1.014, 14.96
1.014, 17.96
1.015, 18.10
1.016, 19.93
1.019, 10.55
1.019, 11.89
1.019, 16.73
1.023, 11.65
1.027, 9.944
1.027, 15.19
1.027, 18.78
1.031, 12.45
1.031, 14.20
1.031, 16.90
1.027, 19.88
1.035, 7.650
1.035, 19.47
1.039, 12.15
1.039, 13.48
1.039, 18.87
1.044, 17.20
1.046, 7.331
1.048, 10.80
1.049, 13.92
1.052, 11.65
1.052, 12.75
1.060, 12.86
1.064, 10.33
1.064, 10.52
1.065, 13.47
1.058, 13.92
1.064, 14.18
1.064, 14.74
1.064, 16.11
1.064, 17.39
1.064, 18.88
1.062, 11.63
1.068, 18.25
1.073, 15.65
1.077, 16.50
1.077, 19.53
1.075, 13.46
1.075, 14.74
1.081, 17.76
1.079, 18.94
1.085, 19.07
1.085, 21.74
1.089, 22.06
1.093, 10.73
1.095, 13.14
1.093, 14.11
1.087, 19.52
1.098, 8.584
1.098, 13.69
1.095, 17.73
1.098, 20.35
1.102, 11.88
1.104, 10.74
1.109, 13.11
1.110, 14.73
1.110, 19.31
1.114, 18.40
1.114, 19.53
1.116, 13.16
1.118, 14.21
1.119, 14.54
1.118, 16.34
1.118, 21.07
1.127, 15.09
1.131, 11.42
1.129, 14.54
1.129, 16.33
1.135, 19.47
1.139, 12.28
1.143, 13.29
1.143, 14.36
1.137, 15.10
1.143, 20.44
1.147, 13.51
1.147, 13.86
1.147, 16.73
1.147, 18.50
1.152, 9.447
1.152, 13.13
1.152, 13.63
1.156, 12.15
1.156, 12.50
1.160, 14.18
1.160, 17.35
1.160, 18.26
1.162, 9.443
1.168, 13.96
1.168, 17.12
1.172, 13.10
1.172, 13.64
1.172, 14.62
1.172, 16.10
1.172, 16.95
1.172, 17.79
1.170, 14.19
1.181, 10.61
1.181, 11.27
1.181, 11.65
1.185, 13.23
1.185, 16.66
1.185, 17.50
1.189, 16.94
1.193, 15.37
1.193, 17.21
1.193, 17.66
1.191, 11.24
1.201, 16.53
1.195, 17.50
1.201, 19.02
1.201, 21.22
1.205, 14.08
1.210, 18.00
1.210, 18.15
1.214, 15.44
1.210, 21.28
1.218, 19.97
1.226, 14.12
1.226, 16.03
1.226, 16.41
1.226, 17.36
1.220, 18.00
1.230, 12.81
1.231, 15.46
1.235, 11.43
1.235, 14.56
1.235, 19.09
1.239, 18.28
1.239, 20.19
1.243, 19.73
1.247, 15.52
1.247, 20.57
1.252, 14.01
1.251, 15.57
1.251, 16.49
1.251, 17.23
1.251, 17.54
1.255, 10.07
1.255, 12.17
1.249, 18.27
1.264, 11.30
1.262, 14.11
1.264, 17.36
1.268, 13.01
1.266, 15.59
1.267, 16.48
1.267, 19.15
1.272, 13.61
1.272, 17.89
1.272, 18.05
1.276, 14.74
1.276, 15.36
1.276, 16.77
1.276, 17.10
1.277, 18.48
1.276, 19.24
1.276, 19.81
1.278, 11.28
1.276, 17.33
1.281, 17.65
1.280, 20.42
1.284, 13.77
1.284, 13.88
1.284, 14.22
1.284, 16.16
1.289, 14.11
1.289, 14.49
1.288, 14.99
1.289, 17.51
1.289, 18.78
1.293, 15.56
1.293, 18.47
1.293, 19.05
1.297, 19.45
1.301, 7.356
1.301, 13.01
1.301, 13.38
1.301, 18.66
1.301, 20.35
1.301, 20.48
1.305, 13.92
1.305, 14.23
1.305, 15.06
1.305, 16.56
1.305, 16.74
1.299, 17.47
1.309, 15.93
1.307, 18.50
1.314, 12.46
1.313, 14.67
1.314, 15.18
1.313, 15.39
1.311, 16.44
1.318, 17.86
1.322, 10.11
1.323, 17.53
1.322, 19.14
1.324, 12.51
1.326, 12.78
1.327, 16.78
1.326, 18.18
1.327, 18.84
1.326, 19.94
1.326, 22.47
1.330, 14.43
1.330, 15.04
1.328, 15.33
1.331, 15.81
1.330, 17.15
1.336, 16.36
1.336, 14.53
1.338, 15.57
1.340, 17.29
1.336, 17.48
1.340, 18.04
1.338, 19.21
1.336, 12.77
1.343, 13.13
1.343, 13.99
1.343, 15.13
1.343, 16.73
1.344, 17.74
1.342, 17.87
1.343, 18.70
1.336, 18.79
1.343, 19.40
1.347, 13.38
1.347, 15.31
1.345, 15.79
1.347, 18.52
1.351, 14.80
1.350, 16.30
1.349, 16.44
1.355, 6.988
1.356, 12.49
1.355, 13.68
1.356, 16.08
1.355, 16.95
1.355, 17.08
1.354, 17.26
1.351, 18.01
1.353, 13.05
1.357, 16.77
1.359, 17.42
1.359, 17.55
1.359, 17.63
1.358, 17.80
1.359, 19.41
1.359, 20.79
1.363, 14.18
1.363, 15.00
1.357, 15.80
1.363, 18.15
1.364, 19.14
1.367, 11.77
1.367, 16.24
1.367, 20.10
1.367, 20.63
1.365, 6.984
1.372, 12.32
1.367, 12.50
1.370, 13.76
1.372, 15.17
1.372, 16.09
1.372, 16.57
1.372, 16.99
1.367, 17.17
1.376, 9.845
1.372, 14.24
1.376, 14.45
1.376, 17.39
1.377, 17.63
1.371, 17.76
1.370, 19.42
1.376, 19.75
1.381, 19.08
1.384, 15.88
1.384, 16.16
1.388, 14.10
1.389, 14.58
1.386, 15.12
1.386, 15.23
1.388, 16.42
1.388, 16.53
1.388, 16.75
1.384, 17.00
1.388, 20.03
1.392, 12.48
1.394, 13.67
1.393, 13.93
1.394, 15.39
1.393, 17.31
1.392, 17.51
1.394, 17.73
1.392, 18.24
1.394, 20.85
1.396, 11.88
1.396, 12.81
1.396, 15.63
1.398, 17.14
1.398, 17.88
1.396, 18.02
1.394, 19.11
1.396, 19.20
1.398, 19.35
1.401, 13.25
1.402, 13.80
1.402, 14.83
1.402, 15.85
1.402, 16.17
1.401, 19.78
1.405, 14.06
1.399, 14.54
1.405, 14.95
1.399, 16.51
1.405, 16.69
1.406, 18.42
1.405, 18.81
1.410, 13.55
1.409, 15.18
1.410, 15.31
1.409, 15.45
1.410, 17.29
1.409, 17.50
1.408, 17.65
1.405, 20.86
1.413, 15.55
1.413, 16.29
1.414, 17.03
1.413, 17.97
1.409, 18.05
1.409, 19.20
1.411, 13.75
1.417, 14.76
1.416, 15.80
1.418, 16.07
1.417, 16.24
1.417, 19.98
1.420, 14.10
1.421, 15.01
1.421, 15.93
1.422, 18.26
1.417, 18.41
1.421, 19.03
1.421, 19.54
1.426, 11.86
1.426, 12.18
1.426, 12.55
1.421, 13.49
1.427, 15.26
1.421, 15.36
1.427, 16.65
1.423, 17.23
1.421, 17.35
1.421, 17.55
1.426, 18.83
1.430, 14.17
1.431, 14.89
1.423, 15.12
1.430, 16.36
1.427, 17.00
1.430, 17.96
1.429, 18.60
1.430, 19.13
1.430, 21.78
1.434, 13.18
1.434, 14.80
1.435, 16.10
1.432, 19.97
1.438, 12.84
1.438, 13.71
1.438, 13.97
1.440, 18.22
1.439, 18.47
1.442, 12.32
1.442, 12.53
1.443, 14.12
1.442, 15.26
1.444, 15.50
1.442, 15.66
1.443, 16.27
1.442, 16.57
1.440, 16.70
1.442, 17.41
1.442, 17.65
1.442, 18.81
1.442, 19.62
1.442, 22.16
1.446, 11.75
1.446, 14.21
1.447, 16.40
1.447, 17.16
1.440, 17.96
1.447, 18.14
1.442, 18.63
1.444, 19.05
1.448, 21.72
1.452, 12.68
1.450, 12.98
1.448, 13.86
1.450, 14.57
1.444, 14.83
1.452, 16.05
1.451, 16.20
1.450, 17.01
1.452, 17.76
1.450, 19.38
1.450, 19.85
1.455, 12.21
1.455, 13.12
1.456, 18.27
1.453, 18.43
1.450, 18.51
1.455, 20.77
1.455, 21.86
1.459, 10.83
1.453, 14.07
1.460, 15.19
1.459, 15.38
1.459, 15.53
1.459, 15.80
1.456, 16.51
1.459, 17.41
1.460, 18.77
1.459, 19.65
1.463, 10.93
1.463, 13.42
1.461, 16.34
1.463, 17.17
1.464, 18.10
1.463, 19.09
1.461, 21.65
1.467, 10.07
1.466, 12.72
1.467, 14.45
1.468, 15.06
1.463, 15.96
1.467, 16.07
1.467, 16.18
1.467, 16.82
1.461, 17.70
1.471, 13.53
1.472, 14.17
1.471, 15.58
1.472, 16.66
1.472, 16.95
1.471, 17.58
1.465, 18.30
1.475, 13.87
1.475, 14.53
1.475, 15.24
1.475, 15.46
1.475, 15.80
1.469, 17.40
1.475, 18.75
1.475, 19.16
1.473, 19.66
1.481, 13.13
1.481, 14.78
1.482, 17.16
1.480, 17.88
1.477, 18.05
1.477, 18.14
1.481, 18.84
1.477, 10.07
1.484, 12.40
1.480, 12.67
1.484, 16.12
1.482, 16.28
1.484, 18.54
1.485, 20.07
1.484, 22.52
1.484, 14.10
1.487, 14.29
1.489, 15.15
1.488, 15.62
1.488, 15.88
1.489, 16.51
1.488, 16.73
1.489, 16.84
1.484, 16.95
1.489, 17.08
1.489, 19.33
1.492, 13.33
1.486, 13.87
1.491, 14.35
1.492, 15.49
1.492, 15.74
1.493, 16.34
1.492, 18.65
1.492, 19.75
1.492, 21.34
1.492, 13.07
1.496, 14.80
1.497, 15.33
1.498, 17.20
1.497, 17.60
1.495, 18.10
1.496, 18.73
1.497, 18.96
1.496, 19.51
1.500, 14.97
1.500, 16.04
1.500, 17.39
1.500, 20.08
1.504, 12.47
1.505, 13.22
1.498, 15.11
1.502, 15.65
1.506, 16.47
1.503, 16.83
1.507, 17.51
1.506, 18.28
1.502, 19.29
1.500, 19.38
1.504, 20.77
1.509, 11.75
1.508, 12.70
1.509, 13.85
1.509, 14.10
1.510, 14.48
1.507, 15.22
1.509, 15.49
1.509, 16.13
1.509, 17.86
1.509, 18.42
1.510, 18.58
1.502, 21.35
1.513, 14.70
1.511, 15.33
1.513, 15.92
1.513, 16.25
1.511, 17.19
1.513, 17.33
1.513, 17.61
1.513, 18.11
1.513, 18.71
1.512, 18.87
1.513, 20.29
1.515, 12.77
1.517, 16.89
1.517, 20.04
1.521, 13.17
1.522, 15.66
1.521, 16.40
1.519, 16.50
1.521, 16.65
1.521, 16.77
1.521, 17.49
1.515, 18.19
1.521, 19.50
1.523, 14.43
1.525, 14.90
1.521, 15.50
1.525, 18.56
1.521, 20.34
1.529, 15.91
1.523, 16.25
1.531, 17.36
1.529, 19.84
1.534, 12.85
1.534, 13.88
1.534, 16.06
1.534, 16.85
1.534, 17.86
1.527, 19.99
1.538, 13.14
1.538, 15.65
1.531, 16.44
1.538, 16.61
1.539, 16.77
1.538, 17.55
1.534, 18.60
1.538, 19.69
1.542, 15.77
1.546, 15.13
1.546, 15.95
1.546, 17.41
1.547, 18.07
1.542, 18.17
1.546, 18.28
1.546, 20.48
1.550, 10.93
1.550, 11.81
1.552, 14.98
1.551, 15.48
1.551, 17.07
1.550, 17.96
1.548, 19.60
1.554, 10.79
1.550, 13.14
1.555, 15.63
1.554, 16.08
1.554, 16.59
1.553, 16.77
1.554, 18.99
1.554, 20.20
1.554, 20.71
1.558, 16.95
1.558, 17.64
1.563, 12.14
1.563, 15.81
1.556, 15.97
1.563, 16.48
1.563, 17.43
1.563, 19.36
1.561, 20.51
1.567, 14.05
1.561, 14.93
1.567, 15.17
1.565, 15.46
1.567, 16.22
1.567, 18.62
1.567, 18.77
1.571, 15.60
1.571, 16.76
1.571, 17.27
1.571, 17.83
1.571, 19.01
1.565, 20.13
1.575, 16.33
1.575, 16.62
1.575, 17.11
1.573, 17.51
1.575, 18.15
1.575, 19.92
1.573, 12.14
1.577, 15.76
1.577, 17.35
1.579, 18.35
1.573, 19.36
1.579, 20.50
1.583, 21.58
1.588, 14.36
1.581, 15.61
1.588, 16.73
1.588, 18.72
1.588, 19.02
1.589, 19.78
1.592, 14.65
1.590, 17.12
1.593, 17.70
1.592, 19.62
1.592, 20.64
1.597, 16.94
1.596, 17.53
1.594, 18.33
1.596, 19.44
1.600, 19.25
1.594, 21.60
1.604, 15.66
1.605, 16.76
1.604, 17.86
1.604, 18.49
1.600, 18.75
1.598, 18.87
1.598, 18.98
1.608, 14.55
1.608, 15.41
1.608, 16.58
1.606, 17.66
1.608, 18.04
1.610, 18.21
1.608, 18.61
1.602, 19.61
1.612, 16.97
1.612, 17.06
1.617, 16.01
1.617, 17.35
1.614, 19.22
1.621, 16.70
1.621, 17.57
1.626, 15.77
1.624, 16.16
1.625, 18.10
1.625, 18.22
1.625, 17.04
1.629, 17.87
1.629, 19.86
1.633, 15.24
1.627, 15.99
1.637, 12.47
1.637, 16.48
1.633, 17.55
1.637, 18.81
1.637, 21.24
1.637, 15.72
1.641, 18.13
1.646, 11.11
1.646, 14.43
1.646, 17.83
1.639, 19.86
1.650, 15.85
1.654, 13.90
1.654, 19.98
1.658, 17.11
1.662, 17.38
1.656, 17.81
1.662, 18.02
1.662, 21.29
1.666, 11.41
1.666, 16.32
1.671, 20.26
1.668, 17.12
1.673, 19.75
1.673, 20.42
1.675, 17.37
1.675, 17.55
1.675, 19.23
1.673, 21.30
-0.2547, 17.89
1.692, 15.92
1.687, 15.74
1.692, 18.71
1.692, 17.64
1.687, 17.59
1.681, 17.68
1.687, 19.27
