wfd_depth_scale0.85_noddf_v1.4_10yrs,twilight_neo_mod2_v1.4_10yrs,weather_0.3_v1.4_10yrs,pair_strategy_4_v1.4_10yrs,short_exp_2ns_1expt_v1.4_10yrs,sat_dodge_v1.4_10yrs,footprint_big_sky_dustv1.4_10yrs,roll_mod2_dust_sdf_0.20_v1.4_10yrs,pair_strategy_1_v1.4_10yrs,alt_roll_mod2_dust_sdf_0.20_v1.4_10yrs,wfd_depth_scale0.99_v1.4_10yrs,dcr_nham5_v1.4_10yrs,rolling_mod6_sdf_0.20_v1.4_10yrs,spiders_v1.4_10yrs,agnddf_v1.4_10yrs,twi_filters_5_v1.4_10yrs,baseline_2snapsv1.4_10yrs,wfd_depth_scale0.70_noddf_v1.4_10yrs,baseline_v1.4_10yrs,short_exp_5ns_1expt_v1.4_10yrs,bulges_i_heavy_v1.4_10yrs,rolling_mod3_sdf_0.10_v1.4_10yrs,bulges_cadence_bs_v1.4_10yrs,dcr_nham2_v1.4_10yrs,wfd_depth_scale0.95_noddf_v1.4_10yrs,twi_filters_2_v1.4_10yrs,bulges_cadence_i_heavy_v1.4_10yrs,wfd_depth_scale0.65_v1.4_10yrs,footprint_big_skyv1.4_10yrs,descddf_v1.4_10yrs,bulges_cadence_bulge_wfd_v1.4_10yrs,wfd_depth_scale0.80_v1.4_10yrs,pair_strategy_3_v1.4_10yrs,rolling_mod2_sdf_0.10_v1.4_10yrs,footprint_no_gp_northv1.4_10yrs,footprint_bluer_footprintv1.4_10yrs,wfd_depth_scale0.85_v1.4_10yrs,twilight_neo_mod1_v1.4_10yrs,wfd_depth_scale0.90_v1.4_10yrs,twilight_neo_mod4_v1.4_10yrs,footprint_add_mag_cloudsv1.4_10yrs,wfd_depth_scale0.95_v1.4_10yrs,rolling_mod6_sdf_0.10_v1.4_10yrs,pair_strategy_2_v1.4_10yrs,wfd_depth_scale0.70_v1.4_10yrs,twi_filters_3_v1.4_10yrs,wfd_depth_scale0.90_noddf_v1.4_10yrs,var_expt_v1.4_10yrs,footprint_gp_smoothv1.4_10yrs,euclidddf_v1.4_10yrs,wfd_depth_scale0.75_noddf_v1.4_10yrs,short_exp_2ns_5expt_v1.4_10yrs,footprint_big_sky_nouiyv1.4_10yrs,wfd_depth_scale0.75_v1.4_10yrs,wfd_depth_scale0.99_noddf_v1.4_10yrs,dcr_nham3_v1.4_10yrs,rolling_mod2_sdf_0.20_v1.4_10yrs,bulges_bs_v1.4_10yrs,twi_filters_4_v1.4_10yrs,dcr_nham1_v1.4_10yrs,footprint_newAv1.4_10yrs,footprint_standard_goalsv1.4_10yrs,bulges_bulge_wfd_v1.4_10yrs,twi_filters_1_v1.4_10yrs,weather_1.2_v1.4_10yrs,footprint_newBv1.4_10yrs,dcr_nham4_v1.4_10yrs,weather_0.7_v1.4_10yrs,short_exp_5ns_5expt_v1.4_10yrs,wfd_depth_scale0.65_noddf_v1.4_10yrs,footprint_stuck_rollingv1.4_10yrs,wfd_depth_scale0.80_noddf_v1.4_10yrs,pair_strategy_0_v1.4_10yrs,twilight_neo_mod3_v1.4_10yrs,rolling_mod3_sdf_0.20_v1.4_10yrs,weather_1.2_ndt_v1.4_10yrs
1.0,1.0,1.0,1.0,0.3333333333333333,1.0,1.0,1.0,0.2246696035242291,1.0,1.0,1.0,1.0,1.0,1.0,1.0,1.0,1.0000000000000002,1.0,1.0,1.0,1.0,1.0,1.0,1.0,0.1662950929879453,1.0,1.0,0.25,1.0,1.0,1.0,1.0,1.0,1.0,1.0,1.0,1.0,1.0,1.0,0.10923494760517326,1.0,1.0,1.0,1.0,1.0,1.0,1.0,1.0,1.0,1.0,1.0,1.0,1.0,1.0,1.0,1.0,1.0,0.6363636363636364,1.0,1.0,1.0,1.0,1.0,1.0,1.0,1.0,1.0,1.0,1.0,1.0,0.07742736614935762,1.0,1.0,1.0,0.1108518348185607
1.0,1.0,0.4705882352941176,1.0,1.0,1.0,1.0,1.0,1.0,1.0,1.0,1.0,1.0,1.0,1.0,1.0,1.0,1.0,0.20756084329074495,1.0,1.0,1.0,1.0,1.0,1.0,1.0,1.0,1.0,0.2996742875409542,1.0,1.0,1.0,1.0,1.0,1.0,1.0,1.0,0.036626428716116884,1.0,1.0,1.0,1.0,1.0,1.0,1.0,1.0,1.0,1.0,1.0,0.6565169886062915,1.0,1.0,0.24308042824126963,1.0,1.0,1.0,1.0,1.0,1.0,1.0,1.0,1.0,1.0,1.0,1.0,1.0,1.0,1.0,1.0,1.0,1.0,1.0,0.09042168298085305,1.0,1.0,1.0
1.0,1.0,1.0,1.0,1.0,1.0,1.0,1.0,1.0,1.0,1.0,1.0,0.06978108748047926,1.0,1.0,1.0,1.0,1.0,1.0,1.0,1.0,1.0,1.0,1.0,1.0,1.0,1.0,1.0,1.0,1.0,1.0,1.0,1.0,1.0,1.0,1.0,1.0,1.0,0.012470771628994544,1.0,1.0,1.0,1.0,1.0,1.0,1.0,1.0,0.6005343127119027,1.0,1.0,1.0,1.0,1.0,1.0,0.13793103448275865,1.0,1.0,1.0,1.0,1.0,1.0,1.0,1.0,1.0,1.0,1.0,1.0,0.08695652173913043,1.0,1.0,1.0,0.014084743290917225,1.0,1.0,1.0,1.0
1.0,1.0,1.0,1.0,1.0,1.0,1.0,1.0,1.0,1.0,1.0,1.0,1.0,1.0,1.0,1.0,1.0,1.0,1.0,1.0,1.0,1.0,1.0,1.0,0.0698104813222057,1.0,1.0,1.0,1.0,0.2783737863076368,1.0,1.0,1.0,1.0,1.0,1.0,0.02418481530501745,1.0,1.0,1.0,1.0,1.0,1.0,1.0,1.0,1.0,1.0,0.23574957985375852,1.0,1.0,1.0,1.0,1.0,1.0,1.0,0.24730199178778806,1.0,1.0,0.060606060606060615,1.0000000000000002,1.0,1.0,1.0,1.0,1.0,1.0,1.0,0.006490857602645734,1.0,1.0,1.0,1.0,1.0,1.0,1.0,1.0
1.0,1.0,1.0,1.0,1.0,1.0,1.0,1.0,1.0,1.0,1.0,1.0,1.0,1.0,1.0,1.0,1.0,1.0,1.0,1.0,0.17931777971208254,1.0,1.0,1.0,1.0,1.0,1.0,0.6478260869565217,1.0,1.0,0.4612314466155541,1.0,1.0,1.0,1.0,1.0,1.0,1.0,1.0,1.0,1.0,1.0,1.0,1.0,1.0,1.0,1.0,1.0,0.07407407407407407,1.0,0.2949308755760369,1.0,1.0,1.0,1.0,1.0,1.0,1.0,1.0,1.0,1.0,1.0,1.0,0.7142857142857143,1.0,1.0,0.21052631578947367,1.0,1.0,0.07193000894277976,1.0,1.0,0.06374085684430512,1.0,1.0,1.0
1.0,1.0,1.0,1.0,1.0,1.0,1.0,1.0,1.0,1.0,1.0,1.0,1.0,1.0,1.0,1.0,1.0,1.0,1.0,1.0,1.0,1.0,1.0,1.0,0.10893053320016419,1.0,1.0,1.0,1.0,1.0,1.0,0.08301139944665564,1.0,1.0,1.0,1.0,1.0,1.0,1.0,1.0,0.10943503541804203,1.0,1.0,0.14110733992572908,1.0,1.0,1.0,1.0,0.5071912635276068,0.391304347826087,1.0,1.0,1.0,1.0,1.0,1.0,1.0,0.6446742005344794,1.0,1.0,1.0,1.0,1.0,1.0,0.3157894736842105,1.0,1.0,1.0,1.0,1.0,1.0,1.0,1.0,1.0,0.49411931415615706,1.0
1.0,1.0,1.0,1.0,0.9999999999999998,1.0,1.0,1.0,1.0,0.28496933658907897,1.0,1.0,1.0,1.0,1.0,1.0,1.0,1.0,1.0,0.17142857142857146,1.0,1.0,1.0,1.0,1.0,1.0,1.0,0.0435648493900921,1.0,1.0,1.0,1.0,1.0,1.0,1.0,1.0,1.0,1.0,1.0,1.0,1.0,1.0,1.0,1.0,1.0,1.0,1.0,1.0,1.0,1.0,1.0,0.07533630677258785,1.0,1.0,1.0,1.0,1.0,1.0,1.0,1.0,1.0,1.0,1.0,1.0,1.0,1.0,1.0,1.0,1.0,1.0,1.0,1.0,1.0,1.0,1.0,1.0
1.0,1.0,1.0,1.0,1.0,1.0,1.0,1.0,1.0,0.6131121548697983,1.0,1.0,0.2935519471360131,1.0,1.0,1.0,1.0,1.0,1.0,1.0,1.0,1.0,1.0,1.0,1.0,0.6086956521739131,1.0,1.0,1.0,1.0,1.0,1.0,1.0,1.0,1.0,1.0,1.0,1.0,1.0,1.0,1.0,0.17905422660723094,1.0,1.0,1.0,1.0,1.0,1.0,1.0,1.0,0.390718522520896,1.0,1.0,1.0,1.0,1.0,1.0,1.0,1.0,1.0,1.0,1.0,1.0,1.0,1.0,0.4705137694422948,1.0,1.0,1.0,1.0,1.0,1.0,1.0,1.0,1.0,1.0
1.0,1.0,1.0,1.0,1.0,1.0,1.0,1.0,1.0,1.0,1.0,1.0,1.0,1.0,0.6765676567656765,1.0,1.0,1.0,1.0,1.0,1.0,1.0,1.0,0.24667587912458558,1.0,0.050291991074337676,1.0,1.0,1.0,1.0,1.0,0.25,1.0,1.0,1.0,1.0,1.0,0.05556285297823712,1.0,1.0,1.0,1.0,1.0,1.0,1.0,1.0,1.0,1.0,1.0,1.0,1.0,1.0,1.0,1.0,0.6009070294784581,1.0,1.0,1.0,1.0,1.0,1.0,1.0,1.0,0.07849447115660403,1.0,1.0,1.0,1.0,1.0,1.0,1.0,1.0,0.6007508754837237,1.0,1.0,1.0
1.0,1.0,1.0,1.0,1.0,1.0,0.1739130434782609,1.0,1.0,0.5152542372881356,1.0,0.6000000000000001,1.0,1.0,1.0,1.0,1.0,1.0,1.0,1.0,0.43243243243243235,1.0,1.0,1.0,1.0,1.0,1.0,0.3094163301904108,1.0,1.0,1.0,1.0,0.09564986804954108,1.0,1.0,1.0,0.2621303434415571,1.0,1.0,1.0,1.0,1.0,1.0,1.0,1.0,1.0,1.0,1.0,0.2343283582089552,1.0,1.0,0.010934353206073196,1.0,1.0,1.0,1.0,1.0,1.0,1.0,1.0,1.0,1.0,1.0,1.0,1.0,1.0,1.0,1.0,1.0,1.0,1.0,1.0,1.0,1.0,1.0,1.0
0.5171503957783641,1.0,1.0,1.0,1.0,1.0,1.0,1.0,1.0,1.0,1.0,1.0,1.0,1.0,1.0,1.0,0.11029806806922089,1.0,1.0,0.06391044780679542,1.0,1.0,1.0,1.0,1.0,1.0,1.0,1.0,1.0,1.0,1.0,1.0,1.0,1.0,1.0,1.0,1.0,1.0,1.0,1.0,1.0,1.0,1.0,1.0,1.0,1.0,1.0,1.0,1.0,1.0,1.0,1.0,1.0,1.0,1.0,0.5905511811023622,0.08878504672897196,1.0,1.0,1.0,1.0,1.0,0.9999999999999998,1.0,1.0,1.0,1.0,1.0,1.0,1.0,1.0,1.0,1.0,1.0,1.0,1.0
1.0,0.5157232704402516,1.0,1.0,1.0,1.0,1.0,1.0,0.14888301806922274,1.0,0.08873890198653811,1.0,0.0321592649310873,1.0,1.0,1.0,1.0,1.0,1.0,1.0,0.3076923076923077,1.0,1.0,1.0,1.0,1.0,1.0,1.0,1.0,1.0,1.0,1.0,0.13976116762494473,1.0,1.0,1.0,1.0,1.0,1.0,1.0,1.0,1.0,1.0,0.4592222898191391,1.0,1.0,1.0,1.0,1.0,1.0,1.0,1.0,1.0,1.0,1.0,1.0,1.0,0.04163390307494931,1.0,1.0,1.0,1.0,1.0,1.0,1.0,1.0,0.257419114654566,1.0,1.0,1.0,1.0,0.048453375754565306,1.0,1.0,1.0,1.0
1.0,1.0,1.0,1.0,1.0,1.0,0.026469268730372364,1.0,1.0,1.0,1.0,1.0,1.0,1.0,1.0,1.0,1.0,1.0,1.0,1.0,1.0,1.0,1.0,1.0,1.0,1.0,1.0,1.0,1.0,1.0,1.0,1.0,1.0,1.0,0.47779816008840337,1.0,1.0,1.0,0.010705268682498595,1.0,1.0,1.0,1.0,1.0,1.0,1.0,1.0,1.0,1.0,1.0,1.0,1.0,0.16129032258064516,1.0,1.0,1.0,1.0,1.0,1.0,1.0,1.0,1.0,1.0,0.08152173913043477,1.0,1.0,1.0,1.0,1.0,0.019674571945123898,1.0,1.0,0.3333333333333333,1.0,1.0,1.0
1.0,1.0,1.0,1.0,1.0,1.0,1.0,1.0,1.0,1.0,1.0,1.0,1.0,1.0,1.0,1.0,1.0,1.0,1.0,0.08793920815836426,1.0,1.0,1.0,1.0,1.0,1.0,1.0,1.0,1.0,1.0,1.0,1.0,1.0,1.0,1.0,1.0,1.0,1.0,1.0,1.0,1.0,1.0,1.0,1.0,1.0,1.0,1.0,1.0,1.0,1.0,1.0,1.0,1.0,1.0,1.0,1.0,1.0,1.0,1.0,1.0,1.0,0.25008957362952344,1.0,1.0,0.03063861203396088,1.0,0.11252653927813165,1.0,1.0,1.0,1.0,1.0,1.0,1.0,1.0,1.0
1.0,0.13432835820895522,1.0,1.0,1.0,0.3018181818181818,1.0,1.0,1.0,1.0,1.0,0.4482758620689655,1.0,1.0,1.0,1.0,1.0,1.0,1.0,1.0,1.0,1.0,1.0,1.0,1.0,1.0,1.0,1.0,1.0,1.0,0.19999999999999998,1.0,1.0,1.0,1.0,1.0,1.0,1.0,0.125,1.0,1.0,1.0,1.0,1.0,1.0,1.0,1.0,1.0,1.0,1.0,1.0,1.0,1.0,1.0,1.0,1.0,1.0,1.0,1.0,1.0,0.030303030303030304,0.9999999999999999,1.0,1.0,1.0,1.0,1.0,1.0,1.0,1.0,1.0,0.14184397163120566,1.0,1.0,1.0,0.9999999999999999
1.0,1.0,1.0,1.0,1.0,1.0,1.0,0.23293875600201,1.0,1.0,1.0,0.08695652173913043,1.0,1.0,1.0,1.0,1.0,1.0,1.0,1.0,1.0,1.0,1.0,0.12263546008336004,1.0,0.07692307692307693,1.0,1.0,0.10400533817093743,1.0,1.0,1.0,1.0,1.0,1.0,1.0,1.0,1.0,0.9999999999999998,1.0,1.0,1.0,1.0,1.0,1.0,0.07086614173228345,1.0,1.0,1.0,1.0,1.0,1.0,0.11594202898550723,1.0,1.0,1.0,1.0,1.0,1.0,1.0,1.0,1.0,1.0,0.040092521202775636,1.0,1.0,1.0,1.0,1.0,1.0,1.0,1.0,1.0,1.0,1.0,1.0
0.49290862637838617,1.0,1.0,1.0,1.0,1.0,1.0,1.0,1.0,1.0,1.0,1.0,1.0,1.0,1.0,1.0,0.2,1.0,0.7918551330519247,1.0,1.0,1.0,1.0,1.0,1.0,1.0,1.0,1.0,1.0,0.09496791477005712,1.0,1.0,1.0,1.0,1.0,1.0,1.0,1.0,1.0,1.0,1.0,1.0,1.0,1.0,1.0,1.0,1.0,0.03565640194489465,1.0,1.0,1.0,1.0,1.0,1.0,1.0,1.0,1.0,1.0,1.0,1.0,1.0,1.0,0.06788544370531041,1.0,1.0,1.0,1.0,1.0,1.0,1.0,1.0,1.0,1.0,1.0,1.0,1.0
1.0,0.28719853806692514,1.0,1.0,1.0,1.0,1.0,1.0,1.0,1.0,1.0,1.0,1.0,1.0,1.0,1.0,1.0,0.3718366077492713,1.0,1.0,1.0,1.0,1.0,1.0,1.0,1.0,1.0,1.0,1.0,1.0,1.0,1.0,1.0,1.0,1.0,1.0,1.0,1.0,1.0,1.0,1.0,1.0,1.0,1.0,1.0,1.0,0.009119409115967893,1.0,0.7296221261199235,1.0,1.0,1.0,1.0,1.0,1.0,1.0,1.0,1.0,1.0,1.0,1.0,1.0,1.0,1.0,1.0,1.0,1.0,1.0,1.0,1.0,1.0,0.0625,1.0,0.4444444444444444,1.0,1.0
1.0,1.0,1.0,1.0,1.0,1.0,1.0,1.0,0.284789644012945,1.0000000000000002,1.0,0.00819672131147541,0.16,1.0,0.32779848417996915,1.0,1.0,0.529384511484551,1.0,1.0,1.0,1.0,0.22058823529411764,1.0,1.0,1.0,1.0,1.0,1.0,1.0,1.0,1.0,1.0,1.0,1.0,1.0,0.25697503671071953,1.0,0.35251798561151076,1.0,0.09195402298850576,1.0,1.0,0.6058609902837203,1.0,1.0,1.0,1.0,1.0,1.0,1.0,1.0,1.0,1.0,1.0,1.0,1.0,1.0,1.0,1.0,1.0,1.0,1.0,1.0,1.0,1.0,1.0,1.0,1.0,1.0,1.0,0.5,1.0,1.0,0.037037037037037035,1.0
1.0,1.0,1.0,1.0,0.8152512068158269,1.0,1.0,1.0,0.05468749999999999,1.0,1.0,1.0,1.0,1.0,1.0,1.0,1.0,1.0,1.0,0.1832229580573951,1.0,1.0,1.0,1.0,1.0,1.0,1.0,1.0,1.0,1.0,1.0,1.0,0.125,1.0,1.0,1.0,1.0,1.0,1.0,1.0,1.0,1.0,1.0,1.0,1.0,1.0,1.0,1.0,1.0,1.0,0.5138722939665981,1.0,0.125,0.02130249543517955,1.0,1.0,1.0,1.0,1.0,1.0,1.0,1.0,1.0,1.0,1.0,1.0,1.0,1.0,1.0,1.0,1.0,1.0,0.24352927564541377,1.0,1.0,1.0
1.0,1.0,1.0,1.0,1.0,1.0,1.0,1.0,1.0,0.49450549450549447,1.0,1.0,1.0,1.0,0.1099009900990099,1.0,1.0,1.0,1.0,1.0,1.0,1.0,1.0,1.0,1.0,1.0,1.0,1.0,1.0,1.0,1.0,0.1857450236395244,1.0,1.0,1.0,1.0,1.0,1.0,1.0,0.026498916510631593,1.0,1.0,1.0,1.0,1.0,1.0,0.03508771929824561,1.0,1.0,1.0,1.0,1.0,1.0,1.0,1.0,1.0,1.0,1.0,1.0,1.0,1.0,1.0,1.0,1.0,1.0,1.0,1.0,1.0,1.0,0.11688311688311688,1.0,1.0,0.25806451612903225,0.16,1.0,0.47058823529411764
1.0,0.07798833819241982,1.0,1.0,1.0,1.0,1.0,1.0,1.0,1.0,1.0,1.0,1.0,0.18412926936151022,1.0,1.0,1.0,1.0,1.0,1.0,1.0,1.0,1.0,1.0,1.0,1.0,1.0,1.0,1.0,1.0,1.0,1.0,1.0,1.0,1.0,1.0,1.0,1.0,1.0,1.0,1.0,1.0,1.0,1.0,1.0,1.0,1.0,1.0,0.7485753820192033,1.0,1.0,1.0,1.0,1.0,1.0,1.0,1.0,1.0,1.0,1.0,1.0,1.0,1.0,1.0,1.0,1.0,1.0,1.0,1.0,0.1687717452359519,1.0,0.2950819672131148,0.76,1.0,0.3425925925925926,1.0
1.0,1.0,1.0,1.0,1.0,1.0,1.0,1.0,1.0,1.0,1.0,1.0,1.0,1.0,1.0,1.0,1.0,1.0,1.0,1.0,1.0,1.0,1.0,1.0,1.0,1.0,1.0,1.0,1.0,1.0,1.0,1.0,1.0,1.0,1.0,1.0,1.0,1.0,1.0,1.0,1.0,1.0,1.0,1.0,1.0,1.0,1.0,1.0,1.0,1.0,0.11428571428571428,1.0,0.00847457627118644,1.0,1.0,1.0,1.0,1.0,1.0,1.0,1.0,1.0,1.0,1.0,1.0,1.0,1.0,0.4363636363636364,1.0,1.0,1.0,1.0,1.0,1.0,1.0,1.0
1.0,1.0,1.0,1.0,0.16875190723222458,0.4375,1.0,1.0,1.0,1.0,1.0,1.0,0.14473991135992537,1.0,1.0,1.0,1.0,1.0,1.0,1.0,1.0,1.0,1.0,1.0,1.0,0.6521739130434783,1.0,1.0,1.0,1.0,1.0,1.0,1.0,1.0,0.08937576080659507,1.0,1.0,0.3636363636363637,1.0,1.0,1.0,0.16189304542256938,1.0,1.0,1.0,1.0,1.0,1.0,0.0591661861176774,1.0,1.0,1.0,1.0,1.0,1.0,1.0,1.0,1.0,1.0,1.0,1.0,1.0,1.0,1.0,1.0,1.0,1.0,0.23605908572180634,1.0,1.0,1.0,1.0,0.06836990241374964,1.0,1.0,1.0
1.0,1.0,1.0,1.0,1.0,1.0,0.3770737645911746,1.0,0.22880886426592795,1.0,1.0,1.0,1.0,1.0,1.0,1.0000000000000002,0.08365892729748811,1.0,1.0,1.0,1.0,1.0,1.0,1.0,1.0,1.0,1.0,1.0,1.0,1.0,1.0,1.0,1.0,1.0,1.0,1.0,1.0,1.0,1.0,1.0,1.0,1.0,1.0,1.0,1.0,0.29268292682926833,1.0,1.0,1.0,1.0,0.12838964528037095,1.0,0.30000000000000004,1.0,1.0,1.0,1.0,1.0,1.0,1.0,1.0,1.0,1.0,1.0,1.0,1.0,0.06098669952793074,1.0,1.0,1.0,1.0,1.0,1.0,1.0,1.0,1.0
1.0,1.0,1.0,1.0,1.0,1.0,0.04787234042553192,1.0,1.0,1.0,1.0,1.0,1.0,1.0,1.0,1.0,1.0,1.0,1.0,0.2299647438746186,1.0,1.0,1.0,1.0,1.0,0.07751937984496124,1.0,1.0000000000000002,1.0,1.0,1.0,1.0,1.0,1.0,1.0,1.0000000000000002,1.0,1.0,0.23214285714285715,1.0,0.037586547972304644,1.0,1.0,1.0,1.0,1.0,1.0,1.0,0.9999999999999999,1.0,1.0,1.0,1.0,1.0,1.0,1.0,1.0,1.0,1.0,1.0,1.0,1.0,1.0,0.5104821156436126,1.0,1.0,1.0,1.0,0.33333333333333337,1.0,1.0,1.0,1.0,1.0,1.0,1.0
1.0,1.0,1.0,1.0,1.0,1.0,1.0,1.0,1.0,1.0,1.0,1.0,1.0,1.0,1.0,0.03535801443134795,0.9999999999999999,1.0,1.0,0.08955223880597014,1.0,1.0,1.0,1.0,1.0,1.0,1.0,1.0,1.0,1.0,1.0,1.0,0.24969381506429883,1.0,1.0,1.0,1.0,0.2541666666666667,1.0,1.0,1.0,0.533935461361705,0.09090909090909091,1.0,1.0,1.0,1.0,1.0,1.0,1.0,1.0,1.0,1.0,1.0,1.0,0.43487998590275634,1.0,1.0,1.0,1.0,1.0,0.05263157894736842,1.0,1.0,1.0,1.0,1.0,0.011029790565544676,1.0,1.0,1.0,1.0,0.06779661016949153,1.0,1.0,1.0
1.0,0.3549382716049383,0.17825040636740785,1.0,1.0,1.0,1.0,1.0,1.0,1.0,1.0,1.0,0.2142857142857143,1.0,1.0,1.0,1.0,0.14025038619702762,1.0,1.0,1.0,1.0,1.0,0.5555555555555556,0.41872850577356185,1.0,0.4330836937657644,1.0,1.0,1.0,1.0,1.0,0.625,0.7701612903225804,1.0,1.0,1.0,1.0,1.0,1.0,1.0,1.0,1.0,1.0,1.0,1.0,1.0,0.17387127761767532,1.0,1.0,0.2558139534883721,0.4444755414759367,1.0,1.0,1.0,1.0,1.0,1.0,1.0,1.0,0.12137823022709474,1.0,1.0,1.0,1.0,1.0,1.0,1.0,1.0,1.0,0.2,1.0,1.0,1.0,1.0,1.0
1.0,1.0,1.0,1.0,1.0,1.0,1.0,1.0,0.2156552798547826,1.0,1.0,1.0,1.0,1.0,1.0,1.0,1.0,1.0,0.5702621400945423,1.0,1.0,1.0,1.0,1.0,1.0,1.0,0.4432563522231522,0.7425323227819883,1.0,0.13868200245121148,1.0,0.030651340996168577,1.0,1.0,1.0,1.0,1.0,1.0,0.6521739130434783,0.7362999587968686,1.0,1.0,1.0,1.0,1.0,1.0,1.0,1.0,0.1313559322033898,1.0,1.0,0.04539918066265678,1.0,1.0,1.0,1.0,1.0,1.0,1.0,1.0,1.0,1.0,0.6313091482649843,1.0,1.0,1.0,1.0,0.19703977798334874,0.7406451612903225,1.0,1.0,1.0,1.0,1.0,1.0,1.0
1.0,1.0,0.1723888242221509,1.0,1.0,0.0206586344349761,1.0,1.0,1.0,1.0,1.0,1.0,1.0,1.0,1.0,0.060083283759666865,1.0,1.0,1.0,0.07421482061026043,1.0,1.0,1.0,1.0,1.0,1.0,1.0,1.0,1.0,1.0,1.0,1.0,1.0,1.0,1.0,1.0,1.0,1.0,1.0,1.0,1.0,1.0,1.0,0.642319113289238,1.0,1.0,1.0,1.0,1.0,1.0,0.6048466864490604,1.0,1.0,1.0,1.0,1.0,1.0,1.0,1.0,0.1042989298022855,1.0,1.0,1.0,1.0,1.0,1.0,1.0,1.0,1.0,1.0,1.0,1.0,1.0,1.0,1.0,1.0
1.0,1.0,0.6788409391721709,1.0,1.0,1.0,1.0,1.0,1.0,1.0,0.09999999999999999,1.0,1.0,1.0,1.0,1.0,1.0,1.0,1.0,1.0,1.0,1.0,1.0,0.25,1.0,0.17631983598154793,1.0,1.0,1.0,1.0,1.0,1.0,1.0,1.0,1.0,1.0,1.0,1.0,1.0,1.0,1.0,1.0,1.0,1.0,1.0,1.0,1.0,1.0,1.0,1.0,1.0,1.0,1.0,1.0,1.0,1.0,1.0,0.6666666666666666,1.0,1.0,1.0,1.0,1.0,1.0,1.0,1.0,0.12121212121212122,1.0,1.0,1.0,1.0,1.0,1.0,1.0,1.0,1.0
1.0,1.0,1.0,1.0,1.0,1.0,1.0,1.0,1.0,0.43795620437956206,1.0,1.0,1.0,1.0,1.0,1.0,1.0,1.0,0.6,1.0,0.011205530100439717,0.4525783613274343,1.0,1.0,1.0,1.0,0.064,1.0,1.0,0.7241379310344828,0.020242888728495,1.0,1.0,0.07565805245241407,1.0,0.5172413793103449,1.0,1.0,1.0,1.0,1.0,1.0,1.0,0.5555555555555556,1.0,1.0,1.0,0.1111111111111111,1.0,1.0,1.0,1.0,1.0,1.0,1.0,1.0,1.0,1.0,1.0,1.0,1.0,1.0,1.0,1.0,1.0,1.0,1.0,1.0,1.0,1.0,1.0,1.0,1.0,1.0,1.0,1.0
1.0,1.0,0.622787400787618,0.16326530612244897,1.0,1.0,1.0,1.0,1.0,1.0,1.0,0.4074074074074074,1.0,0.8112802338731046,1.0,1.0,0.1354843135721219,1.0,1.0,1.0,1.0,1.0,1.0,0.017620597208682948,1.0,1.0,1.0,1.0,1.0,0.42596638563422107,1.0,1.0,1.0,1.0,1.0,1.0,1.0,1.0,1.0,1.0,1.0,1.0,1.0,1.0,1.0,1.0,1.0,0.45717732207478895,1.0,1.0,1.0,1.0,1.0,0.11711711711711713,1.0,1.0,1.0,1.0,1.0,1.0,0.5320863300692403,1.0,1.0,1.0,1.0,1.0,1.0,1.0,1.0,1.0,1.0,1.0,1.0,1.0,1.0,1.0
0.03844728225080205,1.0,1.0,1.0,1.0,1.0,1.0,1.0,1.0,1.0,1.0,1.0,1.0,1.0,1.0,1.0,1.0,1.0,1.0,1.0,1.0,1.0,1.0,1.0,1.0,0.5,1.0,1.0,1.0,1.0,1.0,1.0,1.0,1.0,1.0,0.26530612244897955,1.0,1.0,0.5294117647058824,1.0,1.0,1.0,1.0,1.0,1.0,1.0,1.0,1.0,1.0,1.0,1.0,1.0,1.0,1.0,1.0,1.0,1.0,1.0,1.0,1.0,1.0,1.0,1.0,1.0,1.0,1.0,1.0,1.0,1.0,1.0,1.0,1.0,1.0,1.0,1.0,1.0
1.0,1.0,1.0,1.0,1.0,1.0,0.4870689655172414,1.0,1.0,1.0,1.0,1.0,1.0,1.0,1.0,0.7906976744186046,1.0,0.47995772813291065,1.0,0.24208500380900505,1.0,1.0,1.0,0.29411764705882354,1.0,1.0,1.0,0.18012462106747917,1.0,1.0,1.0,1.0,1.0,1.0,1.0,1.0,1.0,1.0,1.0,0.2207505518763797,1.0,1.0,1.0,1.0,1.0,1.0,1.0,1.0,1.0,1.0,1.0,1.0,1.0,1.0,1.0,0.7450047001306122,1.0,1.0,1.0,1.0,1.0,1.0,1.0,1.0,1.0,1.0,1.0,1.0,1.0,0.03579144462048106,1.0,1.0,1.0,1.0,0.23076923076923078,1.0
0.4837310195227766,1.0,1.0,1.0,1.0,1.0,0.12121212121212122,1.0,1.0,1.0,1.0,1.0,1.0,1.0,1.0,1.0,1.0,1.0,1.0,1.0,1.0,1.0,1.0,1.0,1.0,1.0,1.0,1.0,1.0,1.0,1.0,1.0,0.35612696423926266,1.0,1.0,1.0,0.09798914778167889,1.0,1.0,1.0,1.0,1.0,0.09819967266775778,0.014373716632443531,1.0,1.0,1.0,1.0,1.0,1.0,1.0,1.0,0.25518332006022926,1.0,1.0,1.0,1.0,1.0,1.0,1.0,1.0,1.0,1.0,1.0,1.0,1.0,1.0,1.0,1.0,1.0,0.09090909090909091,1.0,1.0,1.0,1.0,1.0
0.16666666666666669,1.0,1.0,1.0,1.0,1.0,1.0,1.0,1.0,1.0,1.0,1.0,1.0,1.0,1.0,1.0,1.0,1.0,1.0,1.0,1.0,1.0,1.0,1.0,1.0,0.042692578262398875,0.8307871345723585,1.0,1.0,1.0,1.0,1.0,1.0,1.0,0.9999999999999999,0.24824982354755262,0.6956521739130435,1.0,1.0,1.0,1.0,1.0,1.0,1.0,1.0,0.12757273833823973,1.0,0.42857142857142855,1.0,1.0,1.0,1.0,1.0,1.0,1.0,1.0,1.0,1.0,1.0,1.0,1.0,0.9999999999999999,1.0,1.0,1.0,1.0,0.5,1.0,0.045454545454545456,1.0,1.0,1.0,1.0,0.3846153846153847,0.2402813772676786,1.0
1.0,1.0,1.0,1.0,1.0,1.0,1.0,1.0,1.0,1.0,1.0,1.0,1.0,1.0,1.0,1.0,1.0,1.0,1.0,1.0,1.0,0.8685468979260784,1.0,1.0,1.0,1.0,1.0,0.16666666666666666,1.0,1.0,0.7333333333333334,1.0,1.0,1.0,1.0,1.0,1.0,1.0,1.0,1.0,1.0,0.26,1.0,1.0,0.3076923076923077,1.0,1.0,1.0,1.0,0.4166666666666667,1.0,1.0,1.0,1.0,1.0,1.0,1.0,1.0,1.0,1.0,1.0,1.0,1.0000000000000002,1.0,1.0,1.0,1.0,1.0,1.0,1.0,1.0,1.0,1.0,1.0,1.0,1.0
0.1904761904761905,1.0,1.0,0.3913043478260869,1.0,0.2730987544348156,1.0,1.0,1.0,1.0,0.5244049462366488,1.0,1.0,1.0,1.0,1.0,1.0,1.0,1.0,0.009156895589056392,1.0,0.49531737773152973,1.0,1.0,1.0,1.0,1.0,1.0,1.0,1.0,1.0,1.0,1.0,1.0,1.0,1.0,1.0,1.0,1.0,1.0,1.0,0.41509433962264153,1.0,1.0,0.3357180247775257,1.0,1.0,1.0,1.0,1.0,1.0,1.0,1.0,1.0,1.0,1.0,1.0,1.0,1.0,1.0,1.0,1.0,1.0,1.0,1.0,1.0,1.0000000000000002,1.0,1.0,1.0,1.0,1.0,1.0,1.0,1.0,1.0
1.0,1.0,1.0,1.0,1.0,0.8137019230769231,1.0,1.0,1.0,1.0,1.0,1.0,1.0,0.16622340425531915,1.0,1.0,1.0,1.0,1.0,1.0,1.0,0.8512327723837018,1.0,1.0,1.0,1.0,1.0,1.0,1.0000000000000002,1.0,1.0,1.0,1.0,0.09523809523809523,0.06202024059576093,1.0,1.0,1.0,1.0,1.0,1.0,1.0,0.21461061155572006,1.0,1.0,1.0,1.0,1.0,1.0,1.0,1.0,1.0,1.0,1.0,1.0,1.0,1.0,1.0,1.0,1.0,1.0,1.0,1.0,1.0,1.0,1.0,1.0,1.0,1.0,1.0,1.0,1.0,1.0,1.0,1.0,1.0
0.30498205987883065,1.0,1.0,1.0,0.7155688622754491,0.6304037645727915,1.0,1.0,1.0,1.0,0.012329333417716873,1.0,1.0,1.0,1.0,1.0,1.0,1.0,1.0,0.4347826086956522,1.0,1.0,1.0,0.9999999999999998,1.0,1.0,1.0,1.0,1.0,1.0,1.0,1.0,1.0,1.0,1.0,1.0,1.0,0.5927378385947681,0.07692307692307691,1.0,1.0,1.0,1.0,1.0,0.33092978215570645,1.0,0.2897491861939847,1.0,1.0,1.0,1.0,1.0,1.0,1.0,1.0,1.0,1.0,1.0,1.0,1.0,1.0,1.0,1.0,1.0,1.0,1.0,0.6439333612122096,1.0,1.0,1.0,1.0,0.47058823529411764,1.0,1.0,1.0,1.0
1.0,1.0,0.5084745181531921,1.0,1.0,1.0,1.0,1.0,1.0,1.0,0.45760808534531167,1.0,1.0,1.0,1.0,1.0,1.0,1.0,1.0,1.0,1.0,1.0,1.0,1.0,1.0,1.0,1.0,1.0,1.0,1.0,0.04145077720207253,1.0,1.0,1.0,1.0,1.0,1.0,0.41273134919856336,1.0,1.0,1.0,1.0,1.0,1.0,1.0,1.0,1.0,1.0,1.0,1.0,1.0,1.0,1.0,1.0,1.0,1.0,1.0,1.0,1.0,1.0,1.0,1.0,1.0,1.0,1.0,1.0,0.2661357921207041,0.8172215773091265,1.0,1.0,0.6311592848080357,1.0,1.0,1.0,1.0,1.0
1.0,1.0,0.16666666666666666,1.0,1.0,1.0,1.0,1.0,1.0,0.391304347826087,1.0,1.0,1.0,1.0,1.0,1.0,1.0,1.0,1.0,1.0,1.0,1.0,1.0,1.0,1.0,1.0,0.48771882555043145,1.0,1.0,1.0,0.05866666666666667,1.0,1.0,1.0,1.0,1.0,1.0,1.0,1.0,0.06609972941631233,1.0,1.0,0.44015754744574226,1.0,1.0,1.0,1.0,1.0,1.0,1.0,1.0,1.0,1.0,1.0,1.0,1.0,1.0,1.0,1.0,1.0,1.0,1.0,1.0,1.0,1.0,1.0,1.0,1.0,1.0,1.0000000000000002,1.0,0.16412490922294845,1.0,1.0,1.0,0.6538461538461539
1.0,1.0,1.0,1.0,0.3567467652495379,1.0,1.0,1.0,1.0,1.0,1.0,1.0,1.0,1.0,1.0,1.0,1.0,1.0,1.0,1.0,1.0000000000000002,1.0,1.0,1.0,1.0,1.0,1.0,1.0,1.0,1.0,1.0,1.0,1.0,1.0,1.0,1.0,1.0,1.0,1.0,1.0,1.0,0.22279792746113988,1.0,1.0,1.0,1.0,0.2037037037037037,1.0,1.0,1.0,1.0,1.0,1.0,1.0,1.0,1.0,1.0,1.0,1.0,1.0,1.0,1.0,1.0,0.28169014084507044,1.0,1.0,1.0,1.0,1.0,0.23575825890921703,1.0,1.0,1.0,0.75,1.0,1.0
1.0,1.0,1.0,1.0,1.0,1.0,1.0,0.8161281849225113,1.0,1.0,1.0,1.0,1.0,1.0,1.0,0.12063260207685791,1.0,1.0,1.0,1.0,1.0,0.06976744186046512,1.0,1.0,1.0,1.0,1.0,1.0,0.06666666666666667,1.0,1.0,1.0,1.0,1.0,1.0,1.0,1.0,1.0,1.0,1.0,1.0,1.0,1.0,1.0,1.0,0.12067207934198514,0.13795743377736946,1.0,1.0,1.0,0.30472103004291845,1.0,1.0,1.0,1.0,1.0,1.0,1.0,1.0,1.0,0.48623853211009177,1.0,1.0,1.0,1.0,1.0,1.0,1.0,1.0,1.0,1.0,1.0,1.0,1.0,1.0,1.0
1.0,1.0,1.0,1.0,0.33333333333333337,0.07692307692307691,1.0,1.0,1.0,1.0,1.0,1.0,1.0,1.0,1.0,1.0,1.0,0.36363636363636365,1.0,1.0,1.0,1.0,1.0,1.0,0.051619433198380575,1.0,1.0,1.0,1.0,1.0,0.39663270506927906,1.0,1.0,1.0,1.0,1.0,1.0,1.0,0.16492217379424967,1.0,1.0,1.0,0.5982674607471576,0.0847457627118644,1.0,1.0,1.0,1.0,1.0,1.0,1.0,1.0,0.6867469879518072,1.0,1.0,1.0,0.225,1.0,1.0,1.0,1.0,1.0,1.0,1.0,1.0,1.0,1.0,1.0,1.0,1.0,1.0,1.0,1.0,1.0,1.0,1.0
1.0,1.0,1.0,1.0,1.0,1.0,1.0,1.0,1.0,1.0,1.0,1.0,1.0,0.39615559599636035,1.0,1.0,1.0,1.0,1.0,1.0,1.0,1.0,1.0,1.0,0.7114093959731543,1.0,1.0,1.0,1.0,1.0,1.0,1.0,1.0,1.0,0.12117450639862422,1.0,1.0,1.0,1.0,0.23212719139490445,1.0,0.8851841113366193,1.0,1.0,1.0,1.0,1.0,1.0,1.0,1.0,1.0,1.0,1.0,1.0,1.0,1.0,1.0,0.7676767676767677,1.0,1.0,1.0,1.0,1.0,1.0,1.0,1.0,1.0,1.0,1.0,1.0,1.0,1.0,1.0,1.0,1.0,1.0
1.0,1.0,1.0,0.9999999999999997,1.0,1.0,0.15051317937951947,1.0,0.007627475958425392,1.0,1.0,1.0,1.0,1.0,1.0,1.0,1.0,0.452991452991453,1.0,1.0,1.0,0.7269176691142009,1.0,1.0,1.0,0.6480793753886941,1.0,1.0,1.0,1.0,0.6651347689681631,1.0,1.0,1.0,1.0,1.0,1.0,1.0,1.0,1.0,1.0,1.0,1.0,0.11320754716981132,1.0,1.0,1.0,1.0,1.0,0.03846153846153846,1.0,1.0,1.0,1.0,1.0,0.5185185185185185,1.0,1.0,1.0,1.0,1.0,1.0,1.0,1.0,1.0,1.0,1.0,1.0,0.6862745098039216,1.0,0.12259970457902512,1.0,1.0,1.0,1.0,1.0
1.0,1.0,1.0,1.0,1.0,1.0,1.0,1.0,1.0,1.0,1.0,1.0,1.0,1.0,1.0,1.0,1.0,1.0,1.0,1.0,1.0,1.0,1.0,0.5144596651445966,1.0,1.0,1.0,1.0,1.0,1.0,1.0,1.0,1.0,1.0,1.0,0.6798780487804879,1.0,1.0,1.0,1.0,1.0,1.0,1.0,1.0,1.0,1.0,1.0,1.0,1.0,0.7303961860923885,1.0,1.0,1.0,1.0,1.0,1.0,1.0,1.0,1.0,1.0,0.4768441374633857,1.0,1.0,0.4444444444444444,1.0,1.0,1.0,1.0,1.0,1.0,1.0,1.0,1.0,1.0,1.0,1.0
1.0,1.0,1.0,1.0,1.0,1.0,1.0,1.0,1.0,1.0,0.17875370919881306,1.0,1.0,1.0,1.0,1.0,1.0,1.0,1.0,0.5094295349123849,1.0,0.7840405319822672,1.0,0.013333333333333334,1.0,1.0,1.0,0.21052631578947367,1.0,1.0,1.0,1.0,1.0,1.0,1.0,1.0,1.0,0.34210526315789475,1.0,0.23529411764705882,1.0,1.0,1.0,1.0,1.0,0.5251862891207153,0.02564102564102564,1.0,1.0,1.0,0.19302683511084825,1.0,1.0,1.0,1.0,1.0,1.0,1.0,1.0,1.0,1.0,1.0,1.0,1.0,1.0,1.0,1.0,1.0,1.0,1.0,1.0,1.0,1.0,1.0,1.0,1.0
1.0,1.0,1.0,1.0,0.4871794871794872,1.0,1.0,0.40898978758812304,1.0,0.2606180691723958,1.0,1.0,1.0,1.0,1.0,1.0,1.0,1.0,1.0,0.20405217110757018,0.19047619047619047,1.0,1.0,1.0,0.05693693693693693,1.0,1.0,1.0,1.0,0.03684742426413417,1.0,1.0,1.0,1.0,1.0,1.0,1.0,1.0,1.0,1.0,1.0,1.0,1.0,1.0,1.0,1.0,1.0,1.0,1.0,1.0,1.0,1.0,1.0,1.0,1.0,1.0,1.0,1.0,0.2767525998502307,0.4666666666666667,1.0,1.0,1.0,1.0,1.0,1.0,1.0,1.0,1.0,1.0,1.0,0.25,1.0,0.023809523809523808,1.0,1.0
1.0,1.0,1.0,0.21322690992018245,1.0,1.0,1.0,1.0,1.0,0.11211977546493651,0.6414217160919148,1.0,1.0,1.0,1.0,1.0,1.0,1.0,1.0,1.0,1.0,1.0,1.0,1.0,1.0,1.0,1.0,1.0,1.0,1.0,1.0,1.0,1.0,1.0,1.0,1.0,1.0,1.0,1.0,1.0,1.0,1.0,1.0,1.0,1.0,1.0,1.0,1.0,1.0,1.0,1.0,1.0,1.0,1.0,1.0,1.0,1.0,1.0,1.0,1.0,1.0,0.38095238095238093,1.0,1.0,1.0,1.0,1.0,0.4047619047619047,1.0,1.0,1.0,1.0,1.0,1.0,1.0,1.0
1.0,1.0,0.7962962962962963,1.0,1.0,1.0,1.0,1.0,1.0,1.0,0.18367346938775514,1.0,1.0,1.0,1.0,1.0,1.0,1.0,1.0,1.0,0.12714690881711863,1.0,1.0,1.0,1.0,1.0,1.0,1.0,1.0,1.0,1.0,1.0,1.0,1.0,1.0,1.0,1.0,1.0,1.0,0.08196721311475409,0.42186534898085243,1.0,1.0,1.0,1.0,1.0,0.4015153702323309,1.0,1.0,0.2755289788408464,1.0,1.0,1.0,1.0,1.0,1.0,0.16759050129236894,0.7327953693001694,1.0,1.0,1.0,1.0,1.0,1.0,1.0,1.0,1.0,1.0,1.0,0.24992457876910165,1.0,1.0,1.0,1.0,1.0,1.0
1.0,1.0,1.0,1.0,1.0,0.3483226183549887,1.0,1.0,1.0,1.0,1.0,1.0,0.6719950413903159,1.0,1.0,1.0,1.0,1.0,1.0,0.03342804613070366,1.0,1.0,1.0,1.0,1.0,1.0,1.0,1.0,1.0,1.0,1.0,1.0,1.0,1.0,1.0,1.0,1.0,1.0,1.0,1.0,1.0,1.0,1.0,1.0,1.0,1.0,1.0,1.0,1.0,1.0,1.0,1.0,1.0,1.0,1.0,1.0,1.0,0.06462457975345536,0.05720823798627003,1.0,1.0,0.010944415018352827,1.0,1.0,1.0,0.5501298701298702,1.0,1.0,1.0,1.0,1.0,1.0,1.0,1.0,0.01990223463687151,1.0
1.0,1.0,1.0,1.0,0.06253448592974066,1.0,1.0,0.4261036468330135,1.0,1.0,1.0,1.0000000000000002,1.0,1.0,1.0000000000000002,1.0,1.0,1.0,1.0,1.0,1.0,1.0,1.0,1.0,1.0,1.0,1.0,1.0,1.0,1.0,1.0,0.6729888816219751,1.0,1.0,1.0,1.0,1.0,1.0,1.0,0.42857142857142855,1.0,1.0,1.0,1.0,1.0,1.0,1.0,1.0,1.0,1.0,1.0,1.0,1.0,1.0,1.0,1.0,1.0,1.0,1.0,1.0,1.0,1.0,1.0,0.3191489361702128,1.0,1.0,1.0,0.9999999999999999,0.030716723549488057,1.0,1.0,0.08333333333333333,1.0,1.0,1.0,1.0
1.0,0.24779256584964882,1.0,1.0,1.0,1.0,1.0,1.0,1.0,1.0,1.0,1.0,1.0,1.0,1.0,1.0,1.0,1.0,1.0,0.7966101694915254,1.0,1.0,1.0,1.0,1.0,1.0,1.0,1.0,1.0,1.0,1.0,1.0,1.0,1.0,1.0,1.0,1.0,1.0,1.0,1.0,1.0,1.0,1.0,1.0,1.0,1.0,1.0,1.0,1.0,1.0,0.008595102646549592,1.0,1.0,0.6,1.0,1.0,1.0,1.0,1.0,1.0,1.0,1.0,1.0,1.0,1.0,0.16666666666666669,1.0,0.4736842105263158,1.0,1.0,1.0,1.0,0.05353297097733566,1.0,1.0,1.0
1.0,1.0,0.36000000000000004,1.0,1.0,1.0,1.0,1.0,1.0,1.0,1.0,1.0,1.0,0.08590152083849487,1.0,1.0,1.0,1.0,1.0,1.0000000000000002,1.0,1.0,1.0,1.0,1.0,1.0,0.28207865667788595,1.0,0.5217391304347826,0.7863811505201374,1.0,1.0,1.0,1.0,1.0,1.0,1.0,1.0,1.0,1.0,0.32,1.0,1.0,0.24101588873000604,1.0,1.0,1.0,1.0,1.0,1.0,1.0,1.0,1.0,0.9999999999999999,1.0,1.0,1.0,1.0,1.0,1.0,1.0,1.0,1.0,1.0,1.0,1.0,1.0,1.0,1.0,0.26666666666666666,1.0,1.0,1.0,1.0,1.0,1.0
1.0,1.0,0.164853754306038,1.0,1.0,1.0,1.0,1.0,1.0,1.0,1.0,1.0,0.7951084117097401,1.0,1.0,1.0,1.0,1.0,1.0,1.0,1.0,1.0,1.0000000000000002,1.0,1.0,1.0,1.0,1.0,1.0,1.0,1.0,1.0,0.3191489361702128,1.0,1.0,0.6218197004107621,1.0,1.0,0.2484774665042631,1.0,1.0,0.03513360681761131,1.0,1.0,1.0,1.0,1.0,1.0,1.0,1.0,1.0,1.0,1.0,1.0,1.0,1.0,1.0,1.0,1.0,0.21671018276762405,0.9999999999999999,1.0,1.0,1.0,1.0,1.0,0.18181818181818182,1.0,1.0,1.0000000000000002,1.0,1.0,1.0,1.0,1.0,1.0
0.30693502515860865,1.0,1.0,1.0,1.0,1.0,1.0,1.0,1.0,1.0,1.0,1.0,1.0,1.0,1.0,1.0,0.028006589785831964,1.0,1.0,1.0,1.0,1.0,0.1563755744417919,1.0,1.0,1.0,1.0,1.0,1.0,1.0,1.0,1.0,1.0,1.0,1.0,1.0,1.0,1.0,1.0,1.0,1.0,1.0,1.0,1.0,1.0,1.0,1.0,1.0,1.0,1.0,1.0,1.0,1.0,1.0,1.0,1.0,1.0,1.0,1.0,1.0,1.0,1.0,1.0,0.13221859564760796,1.0,1.0,1.0,1.0,1.0,1.0,1.0,1.0,1.0,1.0,0.8295454545454545,1.0
1.0,0.03896103896103896,0.696969696969697,1.0,1.0,1.0,1.0,1.0,1.0,1.0,1.0,1.0,0.14906303236797272,1.0,1.0,1.0,1.0,1.0,1.0,1.0,1.0,1.0,1.0,1.0,1.0,1.0,1.0,0.2727272727272727,1.0,1.0,1.0,1.0,1.0,1.0,1.0,1.0,1.0,1.0,1.0,1.0,1.0,1.0,1.0,1.0,1.0,1.0,1.0,1.0,1.0,1.0,1.0,1.0,1.0,1.0,1.0,1.0,1.0,0.27499999999999997,0.19303338171262702,1.0,1.0,1.0,1.0,1.0,1.0,1.0,0.4,1.0,1.0,1.0,0.4705882352941177,1.0,1.0,0.5816802394375999,1.0,1.0
1.0,1.0,1.0,1.0,1.0,1.0,1.0,1.0,1.0,1.0,1.0,1.0,1.0,0.08,1.0,1.0,1.0,1.0,1.0,1.0,1.0,1.0,1.0,0.9999999999999999,0.19628660825624117,0.3636363636363636,1.0,1.0,1.0,1.0,1.0,1.0,1.0,1.0,1.0,1.0,1.0,1.0,0.25,1.0,1.0,1.0,1.0,0.144028530973421,0.04233350542075374,1.0,1.0,1.0,0.5712882632182027,1.0,1.0,1.0,1.0,1.0,1.0,0.2740286298568507,1.0,1.0,1.0,1.0,1.0,1.0,1.0,1.0,1.0,1.0,1.0,1.0,1.0,0.2773722627737226,1.0,0.5131360124394335,1.0,0.2945154019534185,1.0,1.0
0.29093298291721414,1.0,1.0,1.0,1.0,1.0,1.0,0.5479098436259506,0.06060606060606061,1.0,1.0,1.0,1.0,1.0,1.0,1.0,1.0,0.09929632525410478,0.08500590318772137,1.0,1.0,1.0,1.0,0.7582124225328742,1.0,1.0,1.0,1.0,1.0,1.0,1.0,1.0,1.0,1.0,1.0,1.0,1.0,1.0,1.0,0.15384615384615383,0.4476464904768797,1.0,1.0,0.35,1.0,1.0,1.0,0.028810993880650667,1.0,1.0,0.7895318161963849,1.0,1.0,1.0,1.0,1.0,1.0,1.0,1.0,1.0,1.0,1.0,1.0,1.0,1.0,0.022397891963109356,1.0,1.0,1.0,1.0,1.0,1.0,1.0,1.0,1.0,0.38674033149171266
1.0,0.2222222222222222,1.0,1.0,1.0,1.0,1.0,1.0,1.0,1.0,1.0,1.0,1.0,1.0,1.0,1.0,1.0,1.0,1.0,0.37453874538745385,1.0,1.0,1.0,1.0,0.15625,1.0,1.0,1.0,1.0,1.0,1.0,1.0,1.0,1.0,1.0,0.03225806451612903,1.0,0.30099857346647646,1.0,1.0,0.4473684210526316,1.0,1.0,1.0,1.0,1.0,1.0,0.1,1.0,1.0,1.0,1.0,1.0,1.0,1.0,1.0,1.0,1.0,0.4444444444444445,1.0,0.20000000000000004,1.0,1.0,1.0,1.0000000000000002,1.0,0.34596829176099825,1.0,1.0,0.18181818181818182,0.7560975609756099,1.0,0.6431226765799256,1.0,1.0,1.0
1.0,1.0,1.0,1.0,0.7252906976744186,0.39999999999999997,0.37925965920923643,1.0,1.0,1.0,1.0,1.0,1.0,1.0,1.0,1.0,1.0,1.0,1.0,1.0,1.0,1.0,1.0,1.0,1.0,1.0,1.0,1.0,1.0,1.0,1.0,1.0,1.0,1.0,1.0,1.0,1.0,1.0,1.0,1.0,0.075,1.0,1.0,1.0,1.0,1.0,1.0,1.0,1.0,0.23404255319148937,1.0,1.0,1.0,1.0,1.0,0.608653086339455,0.6888888888888889,1.0,1.0,1.0,1.0,1.0,0.6666666666666667,1.0,1.0,1.0,1.0,0.09433962264150941,1.0,1.0,1.0,1.0,1.0,1.0,1.0,1.0
1.0,1.0,1.0,1.0,1.0,0.08611599297012303,1.0,1.0,1.0,1.0,1.0,1.0,1.0,1.0,1.0,1.0,1.0,1.0,1.0,1.0,1.0,1.0,0.26523297491039427,0.0628279969048631,1.0,1.0,1.0,1.0,1.0,1.0,1.0,1.0,1.0,1.0,1.0,1.0,1.0,1.0,0.7794117647058822,1.0,0.2904294024342172,1.0,1.0,1.0,1.0,1.0,1.0,1.0,0.02777777777777778,1.0,1.0,1.0,1.0,1.0,1.0,1.0,0.03508325683680064,1.0,1.0,0.049999999999999996,1.0,1.0,1.0,0.37139019476158497,1.0,1.0,1.0,1.0,1.0,1.0,1.0,1.0,1.0,1.0,1.0,1.0
1.0,1.0,1.0,1.0,0.8721804511278195,1.0,1.0,1.0,1.0,1.0,1.0,1.0,1.0,1.0,1.0,1.0,0.07936507936507936,0.0157826313141181,1.0,1.0,1.0,1.0,1.0,1.0,1.0,1.0,1.0,1.0,1.0,1.0,1.0,1.0,1.0,1.0,1.0,0.07894736842105264,1.0,1.0,1.0,1.0,1.0,1.0,1.0,1.0,1.0,1.0,1.0,1.0,1.0,1.0,1.0,0.255484359044629,1.0,1.0,1.0,1.0,1.0,1.0,1.0,1.0000000000000002,1.0,1.0,1.0,1.0,1.0,1.0,1.0,1.0,1.0,1.0,1.0,1.0,1.0,1.0,1.0,1.0
1.0,1.0,0.019665024630541875,1.0,1.0,1.0,1.0,1.0,1.0,1.0,1.0,1.0,1.0,1.0,1.0,0.850465647513618,1.0,1.0,1.0,1.0,1.0,1.0,1.0,0.39614994934143866,1.0,1.0,1.0,1.0,1.0,1.0,1.0,1.0,1.0,1.0,1.0,1.0,1.0,1.0,1.0,1.0,1.0,1.0,1.0,1.0,1.0,1.0,0.758830694275274,0.5968379446640316,1.0,0.18518518518518517,1.0,1.0,1.0,1.0,1.0,0.6237623762376237,0.08695652173913042,1.0,1.0,1.0,1.0,1.0,1.0,0.011647254575707153,1.0,1.0,1.0,1.0,1.0,1.0,0.5532382766541543,1.0,0.23076923076923073,1.0,1.0,1.0
1.0,1.0,0.8452973984907811,0.5508021390374332,1.0,1.0,1.0,1.0,1.0,1.0,0.6595744680851064,1.0,1.0,1.0,1.0,1.0,1.0,1.0,1.0,1.0,0.55,1.0,1.0,1.0,1.0,1.0,1.0,1.0,1.0,1.0,1.0,1.0,1.0,0.19083969465648853,1.0,1.0,1.0,1.0,1.0,1.0,1.0,1.0,1.0,1.0,1.0,1.0,1.0,1.0,1.0,1.0,1.0,1.0,1.0,1.0,1.0,1.0,1.0,1.0,1.0,1.0,1.0,1.0,1.0,1.0,0.08149987583809287,1.0,1.0,1.0,1.0,1.0,1.0,1.0,1.0,1.0,1.0,0.6377952755905512
1.0,1.0,1.0,1.0,1.0,1.0,1.0,1.0,1.0,1.0,1.0,1.0,1.0,1.0,0.1785714285714286,1.0,1.0,1.0,1.0,1.0,1.0,1.0,1.0,1.0,1.0,1.0,1.0,1.0,1.0,1.0,1.0,1.0,1.0,1.0,0.23076923076923075,1.0,1.0,1.0,1.0,1.0,1.0,1.0,1.0,1.0,1.0,1.0,1.0,1.0,1.0,1.0,1.0,1.0,1.0,1.0,0.6572821230349308,1.0,1.0,1.0,0.46257197696737035,1.0,1.0,1.0,1.0,1.0,0.7997930677703052,1.0,0.38327988796122753,1.0000000000000002,1.0,1.0,0.7558499281517116,0.09647140622284026,1.0,1.0,1.0,1.0
1.0,1.0,1.0,1.0,1.0,1.0,1.0,1.0,1.0,0.2,1.0,1.0,1.0,1.0,1.0,1.0,1.0,1.0,1.0,1.0,1.0,0.11842665109716896,1.0,1.0,1.0,1.0,1.0,1.0,1.0,1.0,1.0,1.0,0.05128205128205128,1.0,1.0,1.0,1.0,1.0,1.0,1.0,1.0,1.0,1.0,1.0,0.3204172876304024,1.0,0.013617482962840505,1.0,1.0,1.0,1.0,0.47916666666666674,1.0,0.2505028779337061,1.0,1.0,1.0,0.046001960509732535,1.0,1.0,1.0,1.0,1.0,1.0,1.0,1.0,1.0,1.0,1.0,1.0,1.0,1.0,1.0,1.0,1.0,1.0
1.0,1.0,1.0,1.0,1.0,1.0,1.0,1.0,1.0,1.0,1.0,1.0,0.3333333333333333,1.0,1.0,1.0,1.0,1.0,1.0,1.0,1.0,1.0,1.0,1.0,1.0,1.0,1.0,1.0,0.9999999999999998,1.0,1.0,1.0,1.0,1.0,1.0,1.0,0.04294478527607362,1.0,1.0,1.0,0.3404767637852154,0.11111111111111109,1.0,1.0,1.0,1.0,1.0,1.0,1.0,0.6365701306076093,1.0,1.0,1.0,1.0,1.0,1.0,1.0,1.0,1.0,1.0,1.0,1.0,1.0,1.0,1.0,1.0,1.0,1.0,1.0,1.0,1.0,1.0,1.0,1.0,1.0,1.0
1.0,1.0,1.0,1.0,1.0,1.0,1.0,1.0,1.0,0.06451612903225806,1.0,1.0,1.0,1.0,1.0,1.0,1.0,1.0,1.0,1.0,0.05306054557551563,1.0,1.0,1.0,1.0,1.0,1.0,1.0,1.0,1.0,1.0,1.0,1.0,1.0,1.0,1.0,0.01174068402246044,1.0,1.0000000000000002,1.0,1.0,1.0,0.11111111111111112,1.0,1.0,1.0,1.0,1.0,1.0,1.0,1.0,1.0,1.0,1.0,1.0,1.0,1.0,1.0,1.0,1.0,1.0,1.0,1.0,1.0,1.0,1.0,1.0,0.7062146892655368,1.0,0.4272154672808113,1.0,1.0,1.0,1.0,1.0,1.0
1.0,1.0,1.0,1.0,1.0,1.0,1.0,1.0,1.0,1.0,1.0,1.0,1.0,1.0,0.5051898552507894,0.1264367816091954,1.0,1.0,1.0,1.0,1.0,1.0,1.0,1.0,1.0,1.0,1.0,1.0,0.6768854282536151,1.0,1.0,1.0,1.0,1.0,1.0,1.0,0.5723336853220696,1.0,1.0,1.0,1.0,1.0,1.0,1.0,1.0,1.0,0.4324324324324325,1.0,1.0,1.0,1.0,1.0,1.0,1.0,0.3219816854454151,1.0,1.0,1.0,1.0,1.0,1.0,0.18133802816901412,1.0,0.1756572063083632,1.0,1.0,1.0,1.0,1.0,0.758,1.0,1.0,1.0,1.0,0.2,1.0
1.0,1.0,1.0,1.0,1.0,1.0,1.0,1.0,1.0,1.0,1.0,1.0,1.0,1.0,1.0,1.0,1.0,1.0,1.0,0.7957045573598741,1.0,1.0,1.0,1.0,1.0,1.0,0.4761904761904762,1.0,0.13777777777777778,1.0,1.0,1.0,1.0,1.0,1.0,1.0,1.0,1.0,1.0,1.0,1.0,1.0,1.0,1.0,1.0,1.0,1.0,1.0,1.0,1.0,0.023713646532438473,1.0,1.0,1.0,1.0,1.0,1.0,1.0,1.0,1.0,1.0,1.0,1.0,1.0,1.0,1.0,1.0,1.0,1.0,1.0,1.0,1.0,0.03366935483870968,1.0,0.12844036697247704,1.0
1.0,1.0,1.0,1.0,1.0,0.8289473684210527,1.0,1.0,1.0,1.0,0.6764705882352942,1.0,0.5953589557650472,1.0,1.0,1.0,1.0,1.0,1.0,1.0,1.0,1.0,1.0,1.0,1.0,0.43243243243243246,1.0,1.0,1.0,1.0,1.0,1.0,1.0,1.0,1.0,1.0,1.0,1.0,1.0,0.48776074433885247,1.0,1.0,1.0,1.0,0.9999999999999998,1.0,1.0,1.0,1.0,0.07438461643759327,1.0,1.0,1.0,1.0,1.0,1.0,1.0,1.0,1.0,1.0,1.0,0.02416918429003021,1.0,1.0,1.0,1.0,1.0,1.0,0.492219387755102,1.0,1.0,1.0,1.0,1.0,1.0,1.0
1.0,1.0,1.0,1.0,1.0,1.0,1.0,0.18546132880612093,1.0,1.0,1.0,1.0,0.13725490196078433,1.0,0.47619047619047616,1.0,1.0,1.0,1.0,1.0,1.0,0.4351730589335829,1.0,1.0,1.0000000000000002,1.0,1.0,1.0,1.0,1.0,1.0,1.0,0.9999999999999998,1.0,1.0,1.0,1.0,1.0,0.45827148687829705,1.0,1.0,1.0,0.5384615384615384,0.13700107874865156,1.0,1.0,1.0,1.0,1.0,1.0,1.0,1.0,1.0,1.0,1.0,0.04182509505703422,0.3125,1.0,1.0,1.0,1.0,1.0,1.0,1.0,0.4444444444444445,1.0,1.0,1.0,1.0,0.19999999999999998,0.6845714285714285,1.0,1.0,1.0,1.0,1.0
1.0,1.0,1.0,1.0,1.0,1.0,1.0,1.0,1.0,1.0,1.0,1.0,1.0,1.0,1.0,0.625,1.0,1.0,1.0,1.0,1.0,1.0,1.0,1.0,1.0,1.0,1.0,1.0,1.0,1.0,1.0,1.0,1.0,1.0,1.0,0.00384,1.0,1.0,1.0,1.0,1.0,1.0,1.0,1.0,1.0,1.0,1.0,1.0,1.0,1.0,1.0,0.4230769230769231,1.0,0.45238095238095244,1.0,0.6383363471971066,1.0,1.0,1.0,1.0,1.0,1.0,1.0,1.0,1.0,1.0,1.0,1.0,1.0,1.0,1.0,1.0,1.0,1.0,1.0,1.0
1.0,1.0,1.0,1.0,1.0,1.0,1.0,1.0,1.0,1.0,1.0,1.0,1.0,1.0,1.0,1.0,1.0,1.0,1.0,0.5068493150684932,1.0,1.0,1.0,1.0,1.0,1.0,1.0,1.0,1.0,0.2,1.0,1.0,1.0,1.0,1.0,1.0,1.0,0.6516257465162576,1.0,1.0,1.0,1.0,1.0,1.0,1.0,1.0,1.0,1.0,1.0,0.45454545454545453,1.0,1.0,0.845771144278607,1.0,1.0,1.0,1.0,1.0,1.0,1.0,1.0,1.0,1.0,1.0,1.0,0.4124862744218848,1.0,1.0,1.0,1.0,1.0,1.0,0.2727272727272727,1.0,1.0,1.0
1.0,1.0,1.0,1.0,1.0,1.0,1.0,1.0,0.19473684210526318,0.04915912031047865,1.0,1.0,1.0,1.0,1.0,1.0,1.0,1.0,0.19999999999999998,1.0,1.0,1.0,1.0,1.0,1.0,1.0,1.0,1.0,1.0,0.04761904761904762,0.2848484848484849,1.0,1.0,1.0,1.0,0.28801843317972353,1.0,1.0,1.0,1.0,1.0,1.0,1.0,1.0,1.0,1.0,1.0,1.0,1.0,1.0000000000000002,1.0,1.0,1.0,1.0,0.001778304682868998,1.0,1.0,1.0,1.0,1.0,1.0,1.0,0.03225806451612903,1.0,1.0,1.0,1.0,0.6076974874239173,0.7579175993101125,1.0,1.0,1.0,1.0,0.480604371765635,1.0,1.0
1.0,1.0,1.0,0.06939937752466724,1.0,1.0,1.0,1.0,1.0,1.0,1.0,1.0,1.0,1.0,1.0,0.07395578032461551,1.0,1.0,1.0,1.0,1.0,1.0,1.0,0.5316234270820485,1.0,1.0,1.0,1.0,0.2425015380192417,1.0,1.0,1.0,1.0,1.0,0.09260244811069718,1.0,1.0,1.0,1.0,1.0,0.2571428571428571,1.0,1.0,0.10000000000000002,1.0,1.0,0.39999999999999997,1.0,1.0,1.0,1.0,1.0,0.7142857142857142,1.0,1.0,1.0,1.0,1.0,1.0,1.0,1.0,1.0,1.0,1.0,1.0,1.0,1.0,0.19895075308850907,1.0,1.0,1.0,1.0,1.0,1.0,1.0,1.0
1.0,1.0,1.0,1.0,1.0,1.0,1.0,1.0,1.0,1.0,1.0,1.0,1.0,1.0,0.25026178010471206,0.5228915662650602,1.0,1.0,0.05540166204986148,1.0,1.0,1.0,1.0,1.0,1.0,0.35714285714285715,1.0,1.0,1.0,1.0,1.0,1.0,1.0,1.0,1.0,1.0,1.0,1.0,1.0,1.0,1.0,1.0,1.0,1.0,1.0,1.0,0.8582121399469891,1.0,1.0,1.0,1.0,1.0,1.0,1.0,1.0,1.0,1.0,1.0,1.0,1.0,1.0,1.0,1.0,1.0,1.0,1.0,1.0,0.19505006632375418,0.13385826771653545,1.0,1.0,1.0,0.8346513299784328,1.0,1.0,1.0
0.1391304347826087,1.0,1.0,1.0,1.0,1.0,1.0,1.0,1.0,1.0,1.0,1.0,1.0,1.0,1.0,1.0,1.0,1.0,1.0,1.0,1.0,1.0,1.0,1.0,1.0,0.008692125570560257,1.0,1.0,1.0,1.0,1.0,1.0,0.20567599646626955,1.0,1.0,1.0,1.0,1.0,1.0,1.0,1.0,1.0,1.0,1.0,1.0,1.0,1.0,1.0,1.0,1.0,1.0,1.0,1.0,1.0,1.0,0.4334322210989149,1.0,1.0,1.0,1.0,0.053415061295971976,1.0,0.22535211267605634,1.0,1.0,1.0,1.0,1.0,1.0,1.0,1.0,1.0,1.0,1.0,1.0,0.14705882352941174
1.0,0.14705882352941177,1.0,1.0,1.0,1.0,1.0,1.0,1.0,1.0,1.0,0.023954537346143064,1.0,1.0,1.0,1.0,1.0,1.0,0.9999999999999999,0.553464499572284,0.03773584905660377,0.8461538461538461,1.0,0.4182444061962134,1.0,1.0,1.0,1.0,1.0,1.0,1.0,1.0,1.0,1.0,1.0,1.0,0.019281914893617018,1.0,1.0,1.0,1.0,1.0,1.0,1.0,1.0,1.0,0.6226415094339622,1.0,1.0,1.0,1.0,0.20149573029272538,1.0,1.0,1.0,1.0,1.0,1.0,1.0,1.0,1.0,1.0,1.0,0.3916876574307305,0.055826318121400084,1.0,0.049999999999999996,1.0,1.0,1.0,1.0000000000000002,1.0,1.0,1.0,1.0,1.0
1.0,1.0,0.0813008130081301,1.0,0.27065330107155194,1.0,1.0,1.0,0.3002472827649663,1.0,1.0,1.0000000000000002,1.0,1.0,1.0,1.0,1.0,1.0,1.0,1.0,1.0,1.0,1.0,1.0,1.0,1.0,1.0,1.0,1.0,1.0,1.0,1.0,1.0,1.0,1.0,1.0,1.0,1.0,1.0,1.0,1.0,1.0,1.0,1.0,1.0,1.0,0.1289198606271777,1.0,1.0,1.0,1.0,1.0,1.0,1.0,1.0,1.0,1.0,1.0,1.0,1.0,1.0,1.0,1.0,1.0,1.0,1.0,1.0,1.0,1.0,1.0,1.0,1.0,1.0,1.0000000000000002,1.0,0.5254972203631819
1.0,1.0,1.0,1.0,1.0,1.0,1.0,1.0,0.01207897793263647,1.0,0.039999999999999994,1.0,1.0,1.0,1.0,1.0,1.0,1.0,1.0,1.0,1.0,1.0,1.0,0.709493342555767,1.0,1.0,1.0,0.27638446849140674,1.0,1.0,1.0,1.0,0.3999999999999999,1.0,0.43685567010309284,1.0,1.0,0.11111111111111112,1.0,1.0,1.0,1.0,1.0,1.0,1.0,1.0,1.0,1.0,1.0,1.0,1.0,0.012621783501709468,1.0,1.0,1.0,1.0000000000000002,1.0,1.0,0.4090909090909091,1.0,1.0,1.0,0.1282051282051282,1.0,1.0,1.0,1.0,1.0,0.47362576346474183,1.0,1.0,1.0,1.0,1.0,1.0,1.0
1.0,1.0,1.0,1.0,1.0,1.0,1.0,1.0,1.0,1.0,1.0,1.0,1.0,1.0,1.0,1.0,1.0,1.0,1.0,1.0,1.0,0.10908423114593536,1.0,1.0,1.0,1.0,1.0,1.0,1.0,1.0,1.0,1.0,0.01671434711416898,1.0,0.046804680468046804,1.0,1.0,1.0,1.0,0.23629495445546145,1.0,1.0,1.0,1.0,1.0,1.0,1.0,1.0,1.0,1.0,1.0,1.0,1.0,1.0,0.5636363636363636,1.0,1.0,1.0,1.0,1.0,1.0,0.12995237907876825,1.0,1.0,1.0,1.0,1.0,0.7749426605504587,1.0,1.0,1.0,1.0,1.0,1.0,1.0,1.0
1.0,1.0,1.0,1.0,0.9999999999999999,1.0,1.0,1.0000000000000002,1.0,1.0,1.0,1.0,1.0,1.0,1.0,1.0,1.0,1.0,1.0,1.0,1.0,1.0,1.0,1.0,0.0035928143712574854,1.0,1.0,0.41858282842192657,1.0,1.0,1.0,1.0,1.0,1.0,1.0,0.039627039627039624,1.0,0.2405584501239979,1.0,1.0,0.24137931034482762,0.27999999999999997,1.0,1.0,1.0,1.0,0.23923444976076555,0.26086956521739124,1.0,1.0,0.2019443216968626,1.0,1.0,1.0,1.0,1.0,1.0,1.0,1.0,1.0,1.0,0.24820143884892085,0.2024912651103007,1.0,1.0,1.0,1.0,1.0,0.22727272727272727,1.0,1.0,0.12752859294676688,1.0,1.0,1.0,1.0
1.0,1.0,1.0,1.0,1.0,1.0,1.0,1.0,1.0,1.0,1.0,1.0,1.0,1.0,1.0,1.0,1.0,0.4181818181818182,1.0,1.0,1.0,1.0,1.0,1.0,1.0,1.0,1.0,1.0,1.0,1.0,1.0,1.0,1.0,1.0,1.0,1.0,1.0,1.0,1.0,1.0,1.0,1.0,1.0,1.0,1.0,1.0,1.0,1.0,1.0,1.0,1.0,1.0,1.0,1.0,0.9999999999999999,1.0,1.0,1.0,1.0,1.0,1.0,1.0,0.18518518518518517,0.10912685761833782,0.9999999999999999,1.0,0.375,1.0,0.16740088105726875,1.0,1.0,1.0,1.0,0.5309853535143227,0.005865387713567792,1.0
1.0,1.0,1.0,0.1111111111111111,1.0,1.0,1.0,1.0,1.0,1.0,1.0,1.0,1.0,1.0,1.0,1.0,1.0,1.0,1.0,1.0,1.0,1.0,1.0,1.0,1.0,1.0,1.0,1.0,1.0,1.0,0.28571428571428575,1.0,1.0,1.0,1.0,1.0,1.0,0.1336283185840708,1.0,1.0,1.0,1.0,1.0,1.0,0.036885245901639344,1.0,1.0,0.3612092326645025,1.0,0.2678571428571429,1.0,1.0,0.05916585838991271,1.0,1.0,1.0,1.0,1.0,1.0,0.7872340425531915,1.0,1.0,1.0,1.0,1.0,1.0000000000000002,0.0952795108973814,1.0,1.0,1.0,1.0,1.0,1.0,1.0,1.0,1.0
0.24940449586232866,1.0,1.0,1.0,1.0,1.0,1.0,1.0,1.0,1.0,1.0,1.0,1.0,1.0,1.0,1.0,1.0,1.0,1.0,1.0,1.0,1.0,1.0,1.0,1.0,1.0,1.0,1.0,1.0,1.0,1.0,1.0,1.0,1.0,1.0,1.0,1.0,1.0,1.0,1.0,1.0,0.1,1.0,0.5757575757575758,1.0,1.0,1.0,1.0,1.0,1.0,1.0,1.0,1.0,1.0,1.0,1.0,1.0,1.0,0.12995237907876825,1.0,1.0,1.0,1.0,1.0,1.0,1.0,1.0,1.0,1.0,0.25,1.0,1.0,1.0,0.1846153846153846,1.0,1.0
1.0,1.0,1.0,1.0,1.0000000000000002,1.0,1.0,1.0,1.0,1.0,1.0,1.0,1.0,1.0,1.0,1.0,0.22857142857142856,1.0,0.21809504046482672,1.0,1.0,1.0,1.0,1.0,1.0,0.6710153148043108,1.0,1.0,1.0,0.05617977528089888,0.1096439997968615,0.6315211422295443,1.0,1.0,1.0,1.0,0.7355663287791978,1.0,1.0,0.5302389347030226,1.0,1.0,1.0,1.0,1.0,1.0,1.0,1.0,1.0,1.0,0.12000000000000001,1.0,1.0,1.0,0.36363636363636365,1.0,1.0,1.0,0.24820143884892085,1.0,1.0,1.0,1.0,1.0,1.0,1.0,1.0,1.0,1.0,1.0,1.0,1.0,1.0,0.40272160708181837,1.0,1.0
1.0,1.0,1.0,1.0,1.0,1.0,1.0,1.0,1.0,1.0,1.0,1.0,1.0,1.0,1.0,0.18570009930486597,1.0,1.0,1.0,1.0,1.0,1.0,1.0,1.0,0.5384615384615384,1.0,1.0,1.0,1.0,1.0,1.0,1.0,1.0,1.0,1.0,1.0,1.0,1.0,1.0,1.0,1.0,1.0,1.0,1.0,1.0,1.0,1.0,0.34285714285714286,1.0,1.0,1.0,1.0,1.0,1.0,0.1818181818181818,1.0,1.0,1.0,1.0,1.0,1.0,1.0,1.0,1.0,1.0,1.0,0.5416666666666666,1.0,1.0,1.0,1.0,1.0,1.0,1.0,1.0,0.46153846153846156
1.0,1.0,1.0,1.0,1.0,0.7277070063694269,1.0,1.0,1.0,1.0,1.0,1.0,1.0,1.0,1.0,1.0,1.0,1.0,1.0,1.0,1.0,1.0,1.0,1.0,1.0,1.0,1.0,1.0,1.0,1.0,1.0,1.0,0.1323619496079553,1.0,1.0,1.0,1.0,1.0,1.0,0.06944149500955617,1.0,1.0,1.0,1.0,1.0,1.0,1.0,0.7083333333333334,1.0,1.0,1.0,1.0,1.0,1.0,1.0,1.0,1.0,1.0,1.0,1.0,1.0,1.0,1.0,0.5930018416206262,1.0,1.0,1.0,1.0,1.0,1.0,1.0,0.09285992976980102,1.0,1.0,1.0,1.0
1.0,1.0,1.0,1.0,1.0,1.0,1.0,1.0,1.0,1.0,1.0,1.0,1.0,1.0,1.0,1.0,1.0,1.0,1.0,0.23209263078942433,0.008646692835141735,1.0,0.4155212636231683,1.0,1.0,1.0,0.26720882016708497,1.0,1.0,1.0,1.0,1.0,1.0,1.0,1.0,1.0,1.0,1.0,1.0,1.0,1.0,1.0,1.0,0.1272727272727273,1.0,1.0,1.0,1.0,0.21951219512195122,1.0,0.13043478260869565,1.0,0.8086591955102458,1.0,1.0,1.0,1.0,1.0000000000000002,1.0,0.3076923076923077,1.0,1.0,1.0,1.0000000000000002,1.0,1.0,1.0,0.160699417152373,1.0,1.0,1.0,1.0,1.0,1.0,1.0,1.0
1.0,0.23611111111111116,1.0,1.0,1.0,0.8412698412698413,1.0,1.0,0.3823529411764706,1.0,1.0,1.0,1.0,0.1818181818181818,1.0,1.0,1.0,1.0,0.9999999999999999,1.0,1.0,1.0,1.0,1.0,1.0,1.0,1.0,1.0,0.03989098116947473,1.0,1.0,1.0,1.0,1.0,1.0,1.0,0.55,1.0,1.0,1.0,1.0,1.0,1.0,1.0,1.0,1.0,1.0,1.0,1.0,1.0,1.0,1.0,1.0,0.3917821309125657,1.0,0.8187534677270204,1.0,1.0,1.0,1.0,1.0,1.0,1.0,1.0,1.0,1.0,1.0,1.0,1.0,1.0,1.0,1.0,1.0,1.0,1.0,0.8296667256655598
1.0,1.0,1.0,1.0,1.0,1.0,1.0,1.0,1.0,1.0,1.0,1.0,1.0,1.0,1.0,1.0,1.0,1.0,1.0,1.0,1.0,0.05701746184872963,1.0,1.0,1.0,0.42857142857142866,1.0,1.0,1.0,1.0,0.6150156180276662,1.0,1.0,1.0,1.0,1.0,1.0,1.0,1.0,1.0,1.0,1.0,1.0,1.0,1.0,0.47497393117831077,1.0,1.0,1.0,1.0,1.0,1.0,1.0,1.0,1.0,0.23420608108108107,1.0,0.2,1.0,1.0,1.0,1.0,1.0,0.43484617662565256,1.0,1.0,1.0,1.0,1.0,1.0,1.0,0.4344679669176645,1.0,1.0,1.0,1.0
1.0,0.5675675675675675,1.0,1.0,1.0,1.0,1.0,0.28571428571428575,1.0,1.0,1.0,1.0,1.0,0.12499999999999999,1.0,1.0,0.1058970099667774,1.0,1.0,1.0,1.0,1.0,1.0,1.0,1.0,1.0,1.0,1.0,1.0,1.0,1.0,1.0,1.0,1.0,0.8061842524705132,1.0,1.0,1.0,1.0,1.0,1.0,1.0,1.0,1.0,1.0,1.0,1.0,1.0,1.0,0.7809099944764267,1.0,1.0,1.0,1.0,1.0,1.0,1.0,1.0,1.0,1.0,1.0,1.0,0.17388651616839537,1.0,1.0,0.38344001624372387,1.0,1.0,0.19268030139935416,0.6249999999999999,1.0,1.0,1.0,1.0,1.0,1.0
1.0,1.0,1.0,1.0,1.0,1.0,1.0,1.0,1.0,0.48036951501154734,1.0,1.0,1.0,1.0,1.0,1.0,1.0,1.0,1.0,1.0,1.0,1.0,0.6464039931978545,1.0,0.6917293233082706,1.0,1.0,1.0,1.0,1.0,0.3773893257731198,1.0,1.0,1.0,1.0,1.0,1.0,1.0,1.0,1.0,1.0,1.0,1.0,1.0,1.0,1.0,1.0,1.0,1.0,1.0,1.0,1.0,1.0,1.0,1.0,1.0,1.0,1.0,1.0,1.0,0.07692307692307691,1.0,1.0,1.0,1.0,1.0,1.0,1.0,1.0,1.0,1.0,1.0,1.0,1.0,1.0,1.0
0.0035587188612099647,1.0,1.0000000000000002,1.0,1.0,1.0,1.0,1.0,0.04615384615384615,1.0,1.0,1.0,1.0,1.0,1.0,0.5084745762711864,1.0,0.039235116719756165,0.21856454431928568,1.0,1.0,1.0,1.0,1.0,1.0,1.0,1.0,1.0000000000000002,1.0,1.0,1.0,1.0,1.0,1.0,1.0,1.0,1.0,0.9999999999999999,1.0,1.0,1.0,1.0,1.0,1.0,1.0,1.0,1.0,1.0,1.0,1.0,1.0,1.0,0.17939518195797027,0.33333333333333337,0.17279263752166307,1.0,1.0,1.0,1.0,1.0,1.0,1.0,1.0,1.0,1.0,1.0,1.0,1.0,1.0,1.0,1.0,0.07508179232428999,0.4301780693533271,1.0,0.158203125,1.0
1.0,1.0,1.0,1.0,0.9999999999999999,1.0,1.0,1.0,1.0,1.0,1.0,1.0,0.19999999999999998,1.0,0.3,1.0,1.0,1.0,1.0,1.0,1.0,1.0,1.0,0.4901960784313726,1.0000000000000002,1.0,1.0,1.0,0.47584025623755843,1.0,1.0,0.13726437892701787,0.13725490196078433,1.0,1.0,1.0,1.0,1.0,1.0,1.0,1.0,1.0,1.0,1.0,1.0,1.0,1.0,0.6344565147287134,0.16000000000000003,1.0,1.0,1.0,1.0,1.0,1.0,1.0,1.0,1.0,1.0,0.5238095238095238,1.0,1.0,1.0,1.0,1.0,1.0,1.0,1.0,1.0,1.0,1.0,1.0,1.0,1.0,1.0,1.0
1.0,1.0,1.0,1.0,1.0,1.0,1.0,1.0,1.0,1.0,0.22506853639578414,1.0,0.723236594272535,1.0,1.0,1.0,1.0,1.0,1.0,1.0,0.231971663370322,1.0,1.0,0.6153846153846154,1.0,1.0,1.0,1.0,1.0,1.0,1.0,1.0,1.0,1.0,1.0,1.0,1.0,1.0,1.0,1.0,1.0,0.21152179046119726,1.0,1.0,0.5151515151515151,1.0,1.0,0.7195755249491985,1.0,1.0,0.0837051019087907,1.0,1.0,1.0,1.0,1.0,0.25,1.0,1.0,1.0,1.0,1.0,1.0,1.0,1.0,0.03928083996960391,1.0,1.0,0.22021534385623298,1.0,1.0,1.0,1.0,1.0,1.0,1.0
1.0,1.0,1.0,1.0,1.0,1.0000000000000002,0.1111111111111111,0.8127229246932711,1.0,1.0,1.0,1.0,1.0,1.0,1.0,0.7506029908345392,1.0,1.0,1.0,0.3603188006024351,1.0,1.0,1.0,1.0,1.0,1.0,1.0,1.0,1.0,1.0,1.0,1.0,1.0,0.22586359610274578,1.0,1.0,1.0,1.0,0.01811869117334068,1.0,1.0,0.5625000000000001,1.0,1.0,1.0,1.0,1.0,0.3404255319148936,1.0,1.0,1.0,1.0,1.0,1.0,1.0000000000000002,1.0,1.0,1.0,1.0,1.0,1.0,1.0,1.0,0.5454545454545455,1.0,1.0,1.0,1.0,1.0,1.0,1.0,1.0,1.0,1.0,1.0,1.0
0.5376708940904231,1.0,0.2456140350877193,1.0,1.0,1.0,1.0,1.0,1.0,1.0,1.0,0.08333333333333333,1.0,1.0,0.18461538461538463,1.0,1.0,1.0,0.19745222929936304,1.0,0.24096385542168672,1.0,1.0,1.0,1.0,0.08651725482265409,1.0,1.0,1.0,1.0,1.0,1.0,1.0,1.0,1.0,1.0,1.0,1.0,1.0,1.0,1.0,1.0,1.0,0.08283079106065983,1.0,1.0,1.0,1.0,1.0,1.0,1.0,1.0,1.0,1.0,1.0,1.0,1.0,1.0,1.0,1.0,1.0,1.0,1.0,1.0,1.0,1.0,1.0,1.0,1.0,1.0,1.0,1.0,0.017964071856287425,1.0,1.0,1.0
1.0,0.7410898379319357,1.0,1.0,0.15384615384615385,1.0,1.0,1.0,1.0,1.0,0.05265776748302591,1.0,0.3125,1.0,1.0,1.0,1.0,1.0,1.0,1.0,0.9999999999999998,1.0,1.0,1.0,1.0,1.0,1.0,1.0,0.16666666666666666,1.0,1.0,1.0,1.0000000000000002,1.0,1.0,1.0,1.0,1.0,1.0,1.0,1.0,1.0,1.0,1.0,1.0,1.0,1.0,1.0,1.0,1.0,1.0,1.0,0.15023005854145807,1.0,1.0,0.46152609796279176,1.0,1.0,1.0,1.0,1.0,0.18353044240035044,1.0,1.0,1.0,1.0,1.0,1.0,1.0,1.0,1.0,1.0,1.0,1.0,1.0,1.0
1.0,1.0,1.0,1.0,1.0,1.0,1.0,1.0,1.0,1.0,1.0,1.0,1.0,1.0,1.0,1.0,1.0,1.0,1.0,0.9999999999999998,1.0,1.0,1.0,1.0,1.0,1.0,1.0,1.0,0.04081632653061224,1.0,1.0,1.0,0.3179916317991632,1.0,1.0,0.5714285714285714,1.0,0.20588235294117646,1.0,1.0,1.0,1.0,1.0,1.0,1.0,1.0,1.0,1.0,1.0,1.0,1.0,1.0,1.0,1.0,1.0,1.0,0.4837022836350248,1.0,1.0,1.0,1.0,1.0,1.0,1.0,1.0,0.42704528802489133,1.0,0.21666666666666667,1.0,1.0,1.0,1.0,1.0,1.0,0.3333333333333333,1.0
1.0,1.0,1.0,0.5826925713604332,0.4517843583902809,1.0,0.2307692307692308,1.0,1.0,1.0,1.0,1.0,1.0,1.0,1.0,1.0,1.0,1.0,1.0,1.0,1.0,1.0,1.0,1.0,1.0,1.0,1.0,1.0,1.0,1.0,0.4375,1.0,0.12903225806451613,1.0,1.0,1.0,1.0,1.0,1.0,0.09523809523809523,1.0,1.0,1.0,1.0,1.0,1.0,1.0,0.1774193548387097,1.0,1.0,1.0,1.0,1.0,1.0,1.0,1.0,0.40485688143392207,1.0,1.0,0.037037037037037035,1.0,1.0,1.0,1.0,1.0,1.0,1.0,0.025398406374501994,0.177924944812362,1.0,1.0,0.2925954237152525,1.0,1.0,1.0,1.0
0.9999999999999999,1.0,1.0,1.0,1.0,1.0,1.0,1.0,1.0,1.0,1.0,1.0,1.0,1.0,1.0,1.0,1.0,1.0,0.044537647293788694,1.0,1.0,1.0,1.0,1.0,1.0,1.0,1.0,1.0,1.0,1.0,1.0,1.0,1.0,1.0,1.0,1.0,1.0,1.0,1.0,1.0,1.0,1.0,1.0,1.0,1.0,1.0,1.0,1.0,1.0,1.0,1.0,1.0,1.0,1.0,1.0,1.0,1.0,1.0,1.0,1.0,1.0,1.0,1.0,1.0,1.0,1.0,1.0,1.0,1.0,1.0,1.0,1.0,1.0,1.0,1.0,1.0
1.0,1.0,1.0,1.0,1.0,1.0,0.21304744525547448,1.0,1.0,0.0639409868255114,1.0,1.0,0.42105263157894735,1.0,1.0,1.0,1.0,1.0,1.0,0.7654135338345864,0.9999999999999999,0.22212514894510307,1.0,1.0,1.0,1.0,1.0,1.0,1.0,1.0,1.0,1.0,1.0,1.0,1.0,0.8148148148148148,1.0,1.0,1.0,1.0,1.0,1.0,1.0,1.0,1.0,1.0,1.0,1.0,1.0,1.0,1.0,1.0,1.0,1.0,1.0,0.33057851239669417,1.0,1.0,0.18353044240035044,1.0,1.0,1.0,1.0,1.0,1.0,1.0,1.0000000000000002,1.0,1.0,1.0,1.0,1.0,1.0,1.0,1.0,1.0
1.0,1.0,0.19999999999999998,1.0,1.0,1.0,1.0,1.0,1.0,1.0,1.0,1.0,1.0,1.0,1.0000000000000002,1.0,1.0,1.0,1.0,0.013049549580974281,1.0,1.0,1.0,1.0,1.0,1.0,1.0,1.0,1.0,0.21187408869574942,1.0,1.0,1.0,1.0,1.0,1.0,1.0,1.0,1.0,1.0,1.0,1.0,1.0,1.0,1.0,1.0,1.0,1.0,1.0,1.0,1.0,1.0,1.0,1.0,1.0,1.0,1.0,1.0,1.0,1.0,1.0,1.0,0.21739130434782605,1.0,1.0,1.0,1.0,1.0,1.0,1.0,1.0,1.0,0.5,1.0,0.30518709525058246,1.0
1.0,1.0,1.0,1.0,1.0,1.0,0.7303621169916434,1.0,1.0,0.06341463414634146,1.0,1.0,1.0,1.0,1.0,1.0,0.7756245031623836,1.0,0.7333333333333333,1.0,1.0,1.0,1.0,1.0,1.0,1.0,1.0,1.0,1.0,1.0,1.0,1.0,1.0,1.0,0.01969072164948454,1.0,0.1399156417555862,1.0,1.0,1.0,1.0,1.0,1.0,1.0,1.0,1.0,1.0,1.0,1.0,1.0,1.0,0.4106583072100314,1.0,1.0,1.0,1.0,1.0,1.0,1.0,1.0,1.0,1.0,1.0,1.0,0.12375585185335476,0.020733652312599677,1.0,1.0,1.0,1.0,1.0,1.0,1.0,1.0,1.0,1.0
0.11904761904761903,1.0,1.0,1.0,1.0,1.0,1.0,1.0,0.41234734505347015,1.0,1.0,1.0,1.0,1.0,1.0,1.0,1.0,0.08148148148148149,1.0,0.47457627118644063,1.0,1.0,1.0,0.3647773580332116,1.0,1.0,1.0,0.2266881028938907,1.0,0.6007305625094271,1.0,1.0,1.0,1.0,0.125,1.0,1.0,0.10204081632653061,1.0,1.0,1.0,0.8477799539875533,1.0,1.0,0.5172413793103449,1.0,1.0,1.0,1.0,1.0,1.0,1.0,1.0,1.0,1.0,1.0,1.0,1.0,1.0,0.10000000000000002,1.0,1.0,0.21176470588235294,0.8159509202453988,1.0,1.0,1.0,1.0,1.0,1.0,1.0,1.0,1.0,1.0,1.0,1.0
1.0,1.0,1.0,1.0,1.0,1.0,1.0,1.0,1.0,1.0,1.0,1.0,0.061588330632090765,0.3,1.0,1.0,1.0,1.0,1.0,1.0,1.0,1.0,1.0,0.9999999999999999,1.0,1.0,1.0,1.0,1.0,1.0,1.0,1.0,1.0,1.0,1.0,1.0,1.0,1.0,1.0,1.0,1.0,1.0,1.0,1.0,1.0,1.0,1.0,1.0,1.0,1.0,1.0,1.0,1.0,1.0,1.0,1.0,1.0,0.7005988023952096,1.0,1.0,1.0,1.0,1.0,1.0,1.0,1.0,1.0,1.0000000000000002,1.0,1.0,0.18677739086286466,0.061224489795918366,1.0,1.0,1.0,1.0
1.0,1.0,1.0,1.0,1.0,0.19354838709677422,1.0,0.625,1.0,1.0,1.0,1.0,1.0,1.0,1.0,1.0,1.0,1.0,1.0,1.0,1.0,1.0,1.0,1.0,0.25,1.0,1.0,0.26223914976038026,1.0,0.6952693016588163,1.0,1.0,1.0,1.0,1.0,1.0,1.0,1.0,1.0,1.0,1.0,1.0,1.0,1.0,1.0,1.0,1.0,0.6842105263157894,1.0,0.40578489188430217,1.0,1.0,1.0,1.0,1.0,1.0,1.0,1.0,1.0,1.0,1.0,1.0,1.0,1.0,1.0,1.0,1.0,0.7577162996716852,1.0,1.0,1.0,0.9999999999999999,1.0,1.0,1.0,1.0
1.0,1.0,1.0,0.5,1.0,1.0,1.0,1.0,1.0,1.0,1.0,0.303030303030303,1.0,1.0,1.0,1.0,1.0,1.0,0.390702274975272,1.0,1.0,1.0,0.41629159107869096,1.0,1.0,1.0,1.0,1.0,1.0,1.0,1.0,1.0,1.0,0.12799999999999997,1.0,1.0,1.0,1.0,1.0,1.0,1.0,1.0,1.0,1.0,1.0,1.0,1.0,1.0,0.4666666666666667,0.3617021276595745,1.0,1.0,1.0,1.0,1.0,1.0,1.0,1.0,1.0,1.0,1.0,1.0,1.0,1.0,1.0,1.0,1.0,1.0,0.18733608092918694,1.0,1.0,1.0,1.0,1.0,1.0,1.0
1.0,1.0,1.0,1.0,1.0,1.0,1.0,1.0,1.0,1.0,1.0,1.0,1.0,0.2777777777777778,1.0,1.0,1.0,1.0,1.0,1.0,1.0,1.0,1.0,1.0,1.0,1.0,1.0,1.0,1.0,1.0,1.0,1.0,1.0,1.0,0.05062240663900415,1.0,1.0,1.0,1.0000000000000002,1.0,1.0,1.0,1.0,1.0,1.0,1.0,0.0008156606851549756,0.0652000735339175,1.0,1.0,1.0,1.0,1.0,1.0,1.0,1.0,1.0,0.14285714285714285,1.0,1.0,1.0,1.0,1.0,0.46558317399617594,1.0,1.0,1.0,0.9999999999999999,1.0,1.0,1.0,1.0,0.34781672116559503,1.0,0.11111111111111112,1.0
1.0,1.0,1.0,1.0,1.0,1.0,1.0,0.6410256410256411,1.0,1.0,1.0,1.0,1.0,1.0,0.8198675496688741,1.0,1.0,1.0,1.0,1.0,1.0,1.0,1.0,1.0,1.0,1.0,0.5384615384615384,1.0,1.0,1.0,1.0,1.0,1.0,1.0,1.0,1.0,1.0,0.35208247422680417,0.14285714285714285,1.0,1.0,1.0,1.0,1.0,1.0,0.40983606557377045,1.0,1.0,0.9999999999999998,1.0,0.13636363636363635,1.0,1.0,1.0,1.0,1.0,1.0,1.0,1.0,1.0,1.0,1.0,1.0,0.4651162790697674,0.2711864406779661,1.0,1.0,0.6986315594981629,1.0,1.0,1.0,1.0,1.0,1.0,1.0,1.0
0.8251533742331288,1.0,1.0,1.0,1.0,1.0,1.0,1.0,1.0,1.0,1.0,1.0,1.0,1.0,1.0,1.0,1.0,1.0,0.7272727272727273,1.0,1.0,1.0,1.0,1.0,1.0,1.0,1.0,1.0,1.0,1.0,1.0,0.746987951807229,1.0,1.0,1.0,0.3661971830985915,1.0,1.0,1.0,1.0,1.0,1.0,0.32356257046223225,0.12419070041200705,1.0,0.5524625267665952,1.0,1.0,1.0,1.0,1.0,1.0,1.0,1.0,0.055487053020961775,1.0,1.0,1.0,1.0,1.0,1.0,0.25673249551166966,1.0,0.7463368337975107,1.0,1.0,0.7217134855890514,1.0,1.0,1.0,1.0,1.0,0.37535961898608866,0.037037037037037035,1.0,1.0
1.0,0.49994345810245394,1.0,1.0,1.0,1.0,1.0,1.0,1.0,1.0,1.0,1.0,1.0,1.0,1.0,0.31439207657926876,1.0,1.0,0.19999999999999998,1.0,1.0,1.0,1.0,1.0,1.0,1.0,1.0,1.0,1.0,1.0,1.0,0.21311475409836067,1.0,1.0,1.0,1.0,1.0,1.0,1.0,1.0,1.0,1.0,1.0,1.0,0.6271846493787123,1.0,1.0,1.0,1.0,1.0,1.0,1.0,0.24249156135625116,1.0,1.0,1.0000000000000002,1.0,1.0,1.0,1.0,1.0,1.0,1.0,1.0,1.0,1.0,0.5198675496688742,1.0,1.0,1.0,1.0,1.0,1.0,0.9999999999999999,1.0,1.0
1.0,1.0,1.0,1.0,1.0,1.0,1.0,1.0,1.0,1.0,1.0,1.0,0.7906976744186046,1.0,0.5750000000000001,0.6223463687150839,1.0,1.0,1.0,1.0,1.0,1.0,1.0,1.0,1.0,1.0,1.0,1.0,1.0,1.0,1.0,1.0,1.0,1.0,1.0,1.0,1.0,1.0,1.0,1.0,1.0,1.0,1.0,0.1212121212121212,1.0,1.0,1.0,0.09090909090909091,1.0,1.0,1.0,1.0,1.0,1.0,1.0,1.0,1.0,1.0,1.0,1.0,1.0,1.0,1.0,1.0,1.0,1.0,1.0,1.0,1.0,1.0,1.0,1.0,1.0,1.0,1.0,1.0
1.0,0.42407032039186715,1.0,1.0,1.0,1.0,1.0,1.0,1.0,1.0,1.0,0.7970479704797048,1.0,1.0,1.0,1.0,1.0,0.6157635467980296,1.0,1.0,1.0,1.0,1.0,1.0,1.0,0.36363636363636365,1.0,1.0,1.0,1.0,1.0,0.7736468015308912,1.0,1.0,0.17016893283889575,1.0,1.0000000000000002,1.0,1.0,1.0,1.0,1.0,1.0,1.0,1.0,0.41019443903445435,1.0,1.0,1.0,1.0,1.0,1.0,1.0,1.0,1.0,1.0,1.0,1.0,1.0,0.32406817457789105,1.0,1.0,1.0,1.0,1.0,1.0,1.0,1.0,1.0,1.0,1.0,1.0,1.0,1.0,1.0,0.2839527170677779
0.5333333333333333,1.0,1.0,1.0,1.0,1.0,1.0,1.0,1.0,1.0,1.0,1.0,0.4444444444444445,1.0,1.0,0.46031746031746035,1.0,1.0,1.0,1.0,1.0,0.2631578947368421,1.0,1.0,1.0,1.0,1.0,0.19167656513475426,1.0,1.0,1.0,1.0,1.0,1.0,1.0,1.0,1.0,1.0,1.0,1.0,1.0,1.0,1.0,1.0,1.0,0.4666666666666667,1.0,1.0,1.0,1.0,1.0,1.0,1.0,1.0,1.0,1.0,1.0,1.0,0.25673249551166966,1.0,1.0,1.0,1.0,1.0,1.0,0.1589189189189189,1.0,1.0,0.6732026143790849,1.0,1.0,1.0,1.0,1.0,0.10416666666666667,1.0
1.0,1.0,1.0,1.0,1.0,1.0,0.3932659013133905,1.0,1.0,1.0,0.09278350515463918,1.0,1.0,1.0,1.0,1.0,0.057608695652173914,1.0,1.0,1.0,1.0,0.4,1.0,1.0,0.02690118986032074,1.0,1.0,0.7256637168141592,1.0,1.0,1.0,1.0,1.0,1.0,1.0,1.0,1.0,1.0,1.0,1.0,1.0,0.00608329433785681,1.0,1.0,1.0,1.0,1.0,1.0,1.0,1.0,1.0,1.0,1.0,1.0,1.0,1.0,1.0,0.11213517665130569,1.0,1.0,1.0,1.0,0.08333333333333333,1.0,1.0000000000000002,0.4381485391255549,0.4653465346534653,1.0,0.3076923076923077,1.0,1.0,0.6623376623376623,1.0,1.0,1.0,1.0
1.0,1.0,1.0,1.0,1.0,1.0,1.0,1.0,1.0,1.0,1.0,0.8021691973969631,1.0,1.0,0.320754716981132,1.0,1.0,1.0,1.0,1.0,1.0,1.0,0.004854368932038835,1.0,1.0,1.0,1.0,1.0,1.0,1.0,1.0,1.0,1.0,1.0,1.0,1.0,0.25,0.022727272727272728,1.0,1.0,1.0,1.0,1.0,1.0,1.0,1.0,1.0,1.0,1.0,0.2,1.0,1.0,0.26315789473684215,1.0,1.0,1.0,1.0,1.0,1.0,0.0425531914893617,1.0,1.0,1.0,1.0,1.0,1.0,1.0,1.0,1.0,1.0,1.0,1.0,1.0,1.0,0.06521739130434782,1.0
1.0,1.0,1.0,1.0,0.029574861367837334,0.9999999999999998,1.0,1.0,1.0,1.0,1.0,1.0,1.0,0.5416666666666666,1.0,1.0,1.0,1.0,1.0,1.0,1.0,1.0,1.0,1.0,1.0,1.0,1.0,1.0,1.0,1.0,1.0,1.0000000000000002,1.0,1.0,1.0,1.0,1.0,1.0,1.0,1.0,0.18740607670703285,1.0,1.0,1.0,1.0,1.0,1.0,1.0,0.3333333333333333,1.0,1.0,1.0,1.0,1.0,1.0,1.0,1.0,1.0,1.0,1.0,0.1111111111111111,1.0,1.0,1.0,1.0,1.0,1.0,1.0,1.0,0.34615384615384615,1.0,1.0,1.0,1.0,1.0,1.0
1.0,1.0,1.0,1.0,1.0,1.0,1.0,1.0,1.0,1.0,0.02807881773399015,1.0,1.0,1.0,1.0,1.0,1.0,1.0,1.0,1.0,1.0,1.0,1.0,1.0,1.0,1.0,1.0,1.0,0.6285714285714286,0.5904126213592233,1.0,1.0,1.0,1.0,1.0,1.0,1.0,1.0,1.0,0.0606060606060606,1.0,0.6363636363636364,1.0,1.0,1.0,1.0,1.0,1.0,1.0,1.0,1.0,1.0,1.0,1.0,1.0,1.0,0.07017543859649124,1.0,1.0,1.0,1.0,1.0,1.0,1.0,1.0,1.0,1.0,1.0,1.0,1.0,1.0,0.018840244003465657,1.0,1.0,1.0,0.20388945529967045
0.7380417335473516,1.0,1.0,1.0,1.0,1.0,1.0,1.0,1.0,1.0,1.0,1.0,1.0,1.0,1.0,1.0,1.0,1.0,1.0,1.0,1.0,1.0,0.05766220414095873,0.19412769586680428,1.0,0.5013850415512465,1.0,1.0,1.0,1.0,1.0,1.0,1.0,1.0,1.0,1.0,1.0,1.0,1.0,1.0,1.0,1.0,1.0,1.0,0.5873489884821934,1.0,1.0,1.0,1.0,1.0,0.8596449136276392,1.0,1.0,1.0,1.0,1.0,1.0,1.0,1.0,0.27619047619047615,0.6243077361286717,1.0,1.0,1.0,1.0,1.0,1.0,1.0,1.0,1.0,1.0,1.0,1.0,1.0,1.0,1.0
1.0,1.0,0.3333333333333333,1.0,1.0,1.0,1.0,1.0,0.4615384615384615,0.25,0.5501772942143863,1.0,0.05732558414798853,0.42358078602620086,1.0,1.0,1.0,0.47668256491785904,1.0,1.0,1.0,1.0,1.0,1.0,1.0,1.0,1.0,0.7480616755280246,1.0,0.2173913043478261,1.0,1.0,1.0,1.0,1.0,1.0,1.0,1.0,1.0,1.0,0.25,1.0,1.0,1.0,1.0,1.0,1.0,1.0,1.0,1.0,1.0,1.0,1.0,1.0,1.0,1.0,1.0,1.0,1.0,1.0,1.0,1.0,1.0,1.0,1.0,1.0,1.0,1.0,1.0,1.0,1.0,1.0,1.0,1.0,1.0,1.0
1.0,1.0,1.0,0.47058823529411764,1.0,0.11267605633802817,1.0,1.0,1.0,1.0,1.0,1.0,1.0,1.0,0.6756756756756757,1.0,0.07246376811594203,0.47169811320754723,0.4951923076923077,0.09735785934671556,1.0,1.0,1.0,1.0,1.0,0.2816449211121631,1.0,1.0,1.0,1.0,1.0,1.0,1.0,1.0,1.0,1.0,1.0,1.0,1.0,1.0,1.0,1.0,1.0,1.0,1.0,1.0,1.0,1.0,1.0,0.11428571428571428,1.0,1.0,1.0,1.0,1.0,1.0,1.0,1.0,1.0,1.0,1.0,1.0,1.0,1.0,0.33980983593701575,1.0,1.0,1.0,1.0,1.0,1.0,1.0,1.0,0.3351215758915003,0.06756756756756757,1.0
1.0,1.0,0.35478998324057537,1.0,1.0,1.0,1.0,1.0,1.0,1.0,1.0,1.0,1.0,1.0,1.0,1.0,1.0,1.0,1.0,1.0,1.0,1.0,1.0,1.0,1.0,1.0,0.49800796812749004,0.30467981573501657,1.0,1.0,1.0,1.0,1.0,1.0,1.0,0.9999999999999999,1.0,1.0,1.0,1.0,1.0,1.0,1.0,1.0,1.0,1.0,1.0,1.0,0.36,1.0,0.6384474797059431,1.0,0.30077120822622105,0.23076923076923078,1.0,1.0,1.0,1.0,1.0,1.0,1.0,1.0,1.0,1.0,1.0,0.5446393762183237,1.0,1.0,1.0,1.0,1.0,1.0,1.0,1.0,1.0,1.0
0.12936950338465605,1.0,1.0,1.0,1.0,1.0,1.0,1.0,1.0,1.0,1.0,1.0,1.0,1.0,1.0,1.0,1.0,1.0,1.0,0.6007957625257324,1.0,1.0,1.0,1.0,1.0,1.0,1.0,1.0,1.0,1.0,0.05155941979952026,1.0,1.0,1.0,0.3999999999999999,1.0,1.0,1.0,1.0,1.0,1.0,1.0,1.0,1.0,1.0,1.0,1.0,1.0,1.0,1.0,1.0,1.0,1.0,1.0,1.0000000000000002,1.0,1.0,1.0,1.0,0.5294117647058822,1.0,1.0,1.0,1.0,1.0,1.0,1.0,0.6862745098039216,1.0,1.0,0.17837837837837836,1.0,1.0,1.0,1.0,1.0
1.0,1.0,0.7111867520591735,1.0,1.0,0.02560454886257505,1.0,1.0,0.5517241379310345,1.0,1.0,1.0,1.0,1.0,1.0,1.0,1.0,1.0,1.0,0.08335625159566283,1.0,1.0,1.0,1.0,1.0,1.0,1.0,1.0,1.0,1.0,1.0,1.0,1.0,1.0,1.0,1.0,1.0,1.0,1.0,1.0000000000000002,1.0,1.0,0.2150924024640657,1.0,1.0,1.0,1.0,1.0,1.0,1.0,1.0,1.0,1.0,1.0,1.0,1.0,1.0,0.7520128898616225,1.0,1.0,1.0,1.0,1.0,1.0,1.0,1.0,1.0,1.0,1.0,1.0,1.0,1.0,1.0,1.0,1.0,1.0
1.0,1.0,0.17665045224068546,1.0,1.0,1.0,1.0,1.0,0.07692307692307693,1.0,1.0,1.0,1.0,1.0,0.29411764705882354,1.0,0.03259596062378136,1.0,1.0,1.0,1.0,0.5029940119760479,1.0,1.0,1.0,0.8162450066577895,1.0,1.0,1.0,1.0,1.0,1.0,1.0,1.0,0.4332887103971441,1.0,1.0,1.0,1.0,1.0,1.0,1.0,1.0,1.0,1.0,1.0,1.0,1.0,1.0,1.0,1.0,1.0,1.0,1.0,1.0,1.0,1.0,1.0,1.0,0.6666666666666667,1.0,1.0,1.0,1.0,1.0,0.4166666666666667,1.0,1.0,1.0,1.0,1.0,1.0,1.0,1.0,1.0,1.0
1.0,1.0,0.3,1.0,1.0,0.03379721669980119,1.0,0.06666666666666667,1.0,1.0,0.054124357527892686,1.0,1.0,1.0,1.0,1.0,1.0,1.0,1.0,1.0,1.0,0.048587127158555725,1.0,1.0,1.0,1.0,1.0,1.0,1.0,1.0,0.28762085516412544,1.0,1.0,1.0,1.0,1.0,1.0,1.0,1.0,1.0,0.3759361182784259,1.0,1.0,1.0,1.0,1.0,0.07757805108798485,1.0,1.0,1.0,1.0,1.0,1.0,0.40971718636693255,0.2945091514143095,1.0,1.0,1.0,1.0,1.0,1.0,1.0,1.0,1.0,1.0,0.13953488372093023,1.0,0.1176470588235294,1.0,1.0,1.0,1.0,1.0,1.0,1.0,1.0
1.0,1.0,1.0,1.0,0.13043478260869565,1.0,1.0,1.0,1.0,1.0,1.0,0.9999999999999999,1.0,1.0,1.0,1.0,0.1665754424375114,1.0,1.0,1.0,1.0,0.3636363636363637,1.0,1.0,1.0,1.0,1.0,1.0,1.0,1.0,1.0,1.0,1.0,0.39024390243902435,1.0,1.0,1.0,1.0,1.0,1.0,1.0,1.0,1.0,0.4470588235294118,1.0,1.0,1.0,1.0,1.0,0.07547169811320754,1.0,1.0,1.0,1.0,1.0,1.0,0.3018480492813142,1.0,1.0,1.0,1.0,1.0,1.0,1.0,1.0,1.0,1.0,1.0,1.0,0.38463050216735195,1.0,1.0,1.0,1.0,1.0000000000000002,1.0
1.0,1.0,1.0,1.0,1.0,1.0,0.2524271844660194,1.0,1.0,0.09999999999999999,1.0,1.0,1.0,1.0,1.0,1.0,1.0,1.0,1.0,0.2643478260869565,1.0,1.0,1.0,1.0,0.09090909090909093,1.0,1.0,1.0,0.17677794480710285,1.0,1.0,1.0,1.0,1.0,1.0,1.0,1.0,1.0,0.15960177123888405,1.0,1.0,1.0,1.0,1.0,1.0,1.0,0.8663542642924087,1.0,1.0,0.22952029520295206,1.0,1.0,1.0,1.0000000000000002,1.0,1.0,1.0,1.0,1.0,1.0,1.0,0.044444444444444446,1.0,1.0,1.0,0.17647058823529413,1.0,0.11248357424441524,0.284392350400987,1.0,1.0,1.0,1.0,1.0,1.0,1.0
1.0,1.0,1.0,1.0,1.0,1.0,1.0,1.0,1.0,1.0,1.0,1.0,1.0,1.0,1.0,1.0,1.0,1.0,1.0,1.0,1.0,1.0,1.0,1.0,0.08848614072494668,1.0,0.2162162162162162,1.0,1.0,1.0,1.0,1.0,1.0,1.0,1.0,1.0,1.0,1.0,1.0,1.0,0.7171548117154812,1.0,1.0,1.0,1.0,1.0,1.0,0.4227005952523202,0.763157894736842,1.0,1.0,1.0,1.0,1.0,0.8181818181818182,1.0,1.0,1.0,1.0,1.0,1.0,1.0,0.37254901960784315,1.0,1.0,1.0,1.0,1.0,1.0,1.0,1.0,1.0,1.0,1.0,1.0,1.0
1.0,0.046875,1.0,1.0,1.0,1.0,1.0,1.0,1.0,1.0,1.0,0.4123060741519852,1.0,1.0,1.0,1.0,1.0,1.0,1.0,1.0,1.0,1.0,1.0,1.0,0.1713483146067416,1.0,0.35538042277380866,1.0,0.5590327169274538,1.0,0.592814371257485,1.0,0.8125,1.0,1.0,1.0,1.0,1.0,1.0,1.0,1.0,1.0,1.0,1.0,1.0,1.0,1.0,1.0,1.0,1.0,1.0,1.0,1.0,1.0,1.0,1.0,1.0,1.0,1.0,1.0,1.0,0.14285714285714285,1.0,0.39240506329113933,1.0,0.4666666666666666,1.0,1.0,0.3269230769230769,1.0,1.0,1.0,1.0,1.0,1.0,1.0
1.0,1.0,1.0,1.0,1.0,1.0,1.0,1.0,1.0,1.0,1.0,1.0,1.0,1.0,1.0,1.0,0.05882352941176471,1.0,1.0,1.0,1.0,1.0,1.0,1.0,1.0,1.0,1.0,1.0,1.0,1.0,1.0,1.0,1.0,1.0,1.0,1.0,1.0,1.0,1.0,1.0,0.23809523809523808,1.0,1.0,1.0,1.0,1.0,1.0,0.5160354552780017,1.0,1.0,0.49514563106796117,1.0,1.0,1.0,1.0,1.0,1.0,1.0,1.0,0.4285714285714286,1.0,0.5308613281921951,1.0,0.14285714285714285,1.0,1.0,1.0,1.0,1.0,1.0,1.0,0.07894736842105263,0.09090909090909091,1.0,1.0,1.0
1.0,1.0,1.0,1.0,1.0,1.0,1.0,1.0,1.0,1.0,1.0,1.0,0.30769230769230765,1.0,1.0,1.0,1.0,1.0,1.0,1.0,1.0,1.0,1.0,1.0,1.0,1.0,1.0,1.5744861966432704,1.0,1.0,1.0,1.0,1.0,1.0,1.0,1.0,1.0,1.0,1.0000000000000002,1.0,1.0,1.0,1.0,1.0,1.0,1.0,0.3330111164813919,1.0,1.0,1.0,1.0,1.0,1.0,1.0,1.0,1.0,1.0,1.0,0.044444444444444446,1.0,1.0,1.0,1.0,1.0,1.0,1.0,1.0,1.0,0.717948717948718,1.0,1.0,1.0,1.0,1.0,1.0,1.0
0.6304221959401471,1.0,1.0,0.11538461538461539,1.0,1.0,1.0,1.0,1.0,1.0,1.0,0.9999999999999998,1.0,0.4468085106382979,1.0,1.0,0.14285714285714288,1.0,1.0,1.0,1.0,1.0,1.0,1.0,1.0,1.0,1.0,1.0,1.0,1.0,1.0,1.0,1.0,0.12500000000000003,0.5882352941176471,1.0,1.0,1.0,1.0,1.0,1.0,1.0,1.0,1.0,1.0,1.0,1.0,1.0,1.0,1.0,0.05882352941176471,1.0,1.0,1.0,1.0,0.3501207614736955,1.0,1.0,1.0,1.0,0.20108869757816683,1.0,1.0,1.0,1.0,1.0,1.0,1.0,1.0,1.0,1.0,1.0,1.0,1.0,1.0,1.0
1.0,1.0,1.0,1.0,1.0,1.0,0.23274784903740717,1.0,1.0,0.6521739130434783,1.0,0.3947368421052631,0.8228411053540586,0.35294117647058826,1.0,1.0,0.34375,1.0,0.0625,1.0,1.0,1.0,1.0,1.0,1.0,1.0,1.0,1.0,0.12926073483842407,1.0,1.0,1.0,1.0,1.0,1.0,1.0,1.0,1.0,0.11707248018120045,1.0,1.0,1.0,1.0,1.0,1.0,1.0,0.3636363636363636,1.0,1.0,1.0,1.0,1.0,1.0,1.0,1.0,1.0,1.0,1.0,0.14285714285714285,1.0,1.0,1.0,1.0,1.0,1.0,1.0,1.0,1.0,1.0,1.0,1.0,0.3939393939393939,1.0,0.06824423969486501,0.03571428571428571,1.0
1.0,1.0000000000000002,1.0,1.0,1.0,1.0,1.0,1.0,0.3761034388028881,1.0,0.17122395833333334,1.0,1.0,1.0,1.0,1.0,1.0,0.1432225063938619,1.0,0.2696924603174603,0.20977591273318996,0.02811054038641711,1.0,1.0,1.0,1.0,1.0,1.0,1.0,1.0,0.33984706881903143,1.0,1.0,1.0,1.0,1.0,1.0,1.0,0.1615095522843972,1.0,1.0,1.0,0.10256410256410257,1.0,1.0,0.7786163522012579,1.0,1.0,1.0,1.0,1.0,1.0,1.0,1.0,1.0,1.0,1.0,1.0,0.5308613281921951,1.0,1.0,1.0,1.0,1.0,1.0,1.0,1.0,1.0,1.0,1.0,1.0,1.0,1.0,1.0,1.0,1.0
1.0,1.0,1.0,1.0,1.0,1.0000000000000002,1.0,1.0,1.0,1.0,1.0,1.0,1.0,0.6257594167679221,0.1824324324324324,1.0,1.0,1.0,1.0,1.0,1.0,1.0,1.0,1.0,1.0,1.0,1.0,1.0,1.0,1.0,1.0,1.0,1.0,1.0,1.0,1.0,1.0,1.0,1.0,1.0,1.0,1.0,1.0,1.0,1.0,1.0,1.0,1.0,1.0,0.21874999999999997,1.0,1.0,0.1927966101694915,0.07180851063829786,1.0,1.0,1.0,1.0000000000000002,1.0,1.0,1.0,1.0,1.0,0.016181229773462782,1.0,1.0,1.0,0.1383253412025083,1.0,1.0,1.0,1.0,1.0,1.0,1.0,1.0
1.0,1.0,1.0,1.0,1.0,1.0,1.0,1.0,1.0,1.0,1.0,1.0,1.0,1.0,1.0000000000000002,1.0,1.0,1.0,0.2053789731051345,1.0,0.1739130434782609,1.0,0.03160777781098435,1.0,1.0,1.0,1.0,0.15966386554621848,1.0,1.0,1.0,1.0,1.0,1.0,1.0,1.0,1.0,1.0,1.0,1.0,1.0,1.0,1.0,1.0,1.0,1.0,1.0,1.0,1.0,1.0,1.0,1.0,1.0,1.0,1.0,1.0,1.0,1.0,1.0,1.0,0.06779661016949153,1.0,1.0,1.0,1.0,1.0,1.0,1.0,0.22784317899242826,1.0,1.0,1.0,1.0,1.0,1.0,1.0
1.0,1.0,1.0,1.0,1.0,0.2043222003929273,1.0,1.0,1.0,1.0,1.0,1.0,1.0,1.0,1.0,0.08857163651723138,1.0,1.0,1.0,1.0,1.0,1.0,1.0,1.0,1.0,1.0,1.0,0.04081632653061224,1.0,1.0,1.0,1.0,1.0,1.0,0.23076923076923075,1.0,1.0,1.0,1.0,1.0,1.0,1.0,1.0,1.0,1.0,1.0,1.0,1.0,1.0,1.0,1.0,1.0,1.0,1.0,1.0,1.0,1.0,1.0,1.0,1.0,1.0,1.0,1.0,1.0,0.75,1.0,1.0,1.0,1.0,0.9999999999999999,1.0,1.0,1.0,0.8236963490384129,1.0,1.0
1.0,0.10077065281558001,1.0,1.0,1.0,1.0,1.0,1.0,1.0,1.0,1.0,1.0,1.0,1.0,1.0,1.0,1.0,1.0,1.0,1.0,1.0,1.0,1.0,1.0,1.0,1.0,1.0,0.3225806451612903,1.0,1.0,1.0,1.0,1.0,1.0,1.0,1.0,1.0,1.0,0.20512820512820512,1.0,1.0,1.0,1.0,1.0,1.0,1.0,1.0,1.0,1.0,1.0,1.0,1.0,0.6756531973919367,1.0,1.0,0.5333333333333333,1.0,1.0,1.0,0.7128118445783168,1.0,1.0,1.0,1.0,1.0,1.0,1.0,1.0,1.0,1.0,1.0,1.0,1.0,1.0,1.0,1.0
1.0,1.0,1.0,1.0,1.0,1.0,1.0,1.0,1.0,1.0,1.0,1.0,1.0,1.0,1.0,1.0,0.5897435897435898,1.0,1.0,1.0,1.0,1.0,1.0,1.0,1.0,1.0,1.0,1.0,1.0,1.0,1.0,1.0,1.0,1.0,1.0,1.0,1.0,1.0,1.0,1.0,1.0,1.0,1.0,1.0,1.0,0.5104669887278582,1.0,1.0,1.0,1.0,1.0,0.2333333333333333,1.0,1.0,1.0,0.22320100674979979,1.0,1.0,1.0,1.0,1.0,1.0,0.2777251463228045,1.0,1.0,1.0,1.0,1.0,1.0,1.0,1.0,1.0,0.16263753279757404,0.9999999999999998,1.0,1.0
1.0,0.3333333333333333,1.0,1.0,1.0,1.0,1.0,1.0,1.0,1.0,1.0,1.0,1.0,1.0,1.0,1.0,1.0,1.0,1.0,1.0,1.0,1.0,1.0,1.0,1.0,1.0,1.0,1.0,1.0,1.0,1.0,0.3846153846153846,1.0,1.0,1.0,1.0,1.0,1.0,1.0,1.0,1.0,1.0,1.0,1.0,1.0,0.14285714285714285,1.0,1.0,1.0,0.11131725417439703,0.33230293663060273,1.0,1.0,1.0,1.0,1.0,1.0,1.0,1.0,1.0,1.0,1.0,1.0,1.0,0.4489795918367347,1.0,1.0,1.0,1.0,1.0,1.0,1.0,0.02033876767277433,1.0,1.0,1.0
1.0,1.0,1.0,1.0,1.0,1.0,1.0,1.0,1.0,1.0,1.0,1.0,0.1916533673726594,1.0,1.0,0.125,1.0,1.0,1.0,0.08786513723122649,1.0,0.038461538461538464,0.5459387483355527,0.09677419354838708,1.0,1.0,1.0,1.0,1.0,1.0,1.0,1.0,1.0,1.0,1.0,1.0,1.0,0.4660194174757281,1.0,1.0,1.0,1.0,1.0,1.0,0.31877336179999516,1.0,1.0,1.0,1.0,1.0,1.0,1.0,1.0,1.0,1.0,1.0,1.0,1.0,1.0,1.0,1.0,1.0,1.0,1.0,1.0,1.0,0.8111658456486044,1.0,0.185768723435439,1.0,1.0,1.0,1.0,1.0,1.0,1.0
1.0,1.0,1.0,1.0,1.0,0.05555555555555556,1.0,1.0,1.0,1.0,0.06666666666666667,0.24565712231939615,0.7067526713604931,1.0,0.036986301369863014,1.0,1.0,1.0,1.0,1.0,1.0,1.0,1.0,0.15384615384615383,1.0,1.0,1.0,1.0,1.0,0.6382696390658175,1.0,1.0,1.0,1.0,1.0,1.0,1.0,0.2496446870576453,0.9999999999999999,1.0,1.0,1.0,1.0,1.0,1.0,1.0,1.0,1.0,1.0,1.0,1.0,1.0,1.0,1.0,1.0,1.0,1.0,0.3548387096774194,1.0,1.0,1.0,1.0,1.0,0.14069081718618368,0.6317009016454112,1.0,1.0,1.0,1.0,1.0,1.0,1.0,1.0,1.0,0.16,1.0
0.5333333333333333,1.0,1.0,1.0,1.0,1.0,1.0,1.0,1.0,1.0,1.0,1.0,1.0,1.0,1.0,1.0,1.0,1.0,1.0,1.0,1.0,1.0,1.0,1.0,1.0,1.0,1.0,1.0,1.0,1.0,1.0,1.0,1.0,1.0,1.0,0.9999999999999999,1.0,1.0,1.0,1.0,1.0,1.0,1.0,1.0,1.0,0.19999999999999998,1.0,1.0,1.0,0.016666666666666666,1.0,1.0,1.0,1.0,0.17198257741805678,1.0,1.0,0.04000000000000001,1.0,1.0,1.0,1.0,1.0,1.0,1.0,1.0,1.0,1.0,1.0,0.44117647058823534,1.0,1.0,1.0,1.0,1.0,1.0
1.0,1.0,1.0,1.0,1.0,1.0,1.0,0.6,1.0,1.0,1.0,1.0,1.0,1.0,1.0,1.0,1.0,1.0,1.0,1.0,1.0,1.0,1.0,1.0,0.0819672131147541,0.8055555555555556,1.0,1.0,1.0,1.0,1.0,1.0,1.0,1.0,1.0,1.0,1.0,1.0,1.0,1.0,1.0,1.0,1.0,1.0,1.0,1.0,1.0,1.0,1.0,1.0,1.0,1.0,1.0,1.0,1.0,1.0,1.0,1.0,1.0,1.0,1.0,1.0,1.0,1.0,1.0,1.0,1.0,1.0,1.0,1.0,1.0,1.0,1.0,1.0,1.0,1.0
1.0000000000000002,1.0,1.0,1.0,1.0,1.0,1.0,1.0,1.0,1.0,1.0,1.0,1.0,1.0,1.0,1.0,1.0,1.0,1.0,1.0,1.0,1.0,1.0,1.0,1.0,1.0,1.0,1.0,1.0,1.0,1.0,0.48743872549019607,0.09839966977780325,0.04100227790432802,1.0,1.0,1.0,0.18029556650246306,1.0,1.0,1.0,1.0,1.0,1.0,1.0,1.0,1.0,1.0,0.7309616253163869,1.0,1.0,1.0,1.0,1.0,1.0,1.0,1.0,1.0,1.0,1.0,1.0,1.0,1.0000000000000002,1.0,1.0,1.0,1.0,1.0,1.0,1.0,1.0,1.0,1.0,0.15384615384615383,1.0,1.0
1.0,1.0,1.0,1.0,1.0,1.0,1.0,1.0,1.0,1.0,1.0,1.0,1.0,1.0,1.0,1.0,1.0,1.0,1.0,1.0,1.0,1.0,1.0,1.0,0.08823529411764706,1.0,1.0,1.0,1.0,1.0,1.0,1.0,1.0,1.0,1.0,1.0,1.0,1.0,1.0,1.0,1.0,1.0,1.0,1.0,1.0,1.0,1.0,0.9999999999999999,1.0,1.0,1.0,1.0,1.0,1.0,1.0,1.0,0.3636363636363636,1.0,1.0,1.0,1.0,1.0,1.0,1.0,1.0,1.0,1.0,1.0,1.0,1.0,1.0,1.0,0.41463414634146334,1.0,1.0,1.0
1.0,1.0,1.0,1.0,1.0,1.0,1.0,1.0,1.0,1.0,1.0,1.0,1.0,1.0,1.0,0.4998263285863147,0.3333333333333333,1.0,1.0,1.0,1.0,1.0,1.0,1.0,1.0,1.0,1.0,1.0,1.0,1.0,1.0,1.0,1.0,1.0,1.0,1.0,1.0,0.0847457627118644,1.0,1.0,1.0,1.0,1.0,1.0,1.0,1.0,1.0,0.06944444444444445,1.0,0.6745238390792169,1.0,1.0,1.0,1.0,1.0,1.0,1.0,1.0,1.0,1.0,1.0,0.16198997007315163,1.0,1.0,1.0,1.0,0.7906976744186046,0.07692307692307693,0.3633841842583673,1.0,1.0,1.0,1.0,1.0,1.0,1.0
1.0,1.0,1.0,0.5154444045957949,1.0,1.0,1.0,1.0,1.0,1.0,1.0,0.7756821095037538,1.0,1.0,1.0,1.0,1.0,1.0,1.0,1.0,1.0,1.0,1.0,1.0,1.0,1.0,1.0,1.0,1.0,1.0,0.07792207792207793,1.0,0.13175554240642778,1.0,1.0,1.0,1.0,1.0,1.0,1.0,1.0,1.0,1.0,1.0,1.0,1.0,1.0,1.0,1.0,1.0,1.0,1.0,1.0,1.0,1.0,1.0,1.0,1.0,1.0,1.0,1.0,1.0,1.0,1.0,1.0,0.6150868227370164,0.2538116591928251,1.0,1.0,1.0,1.0,1.0,1.0,1.0,1.0,1.0
1.0,,1.0,0.8029953917050692,1.0,1.0,1.0,1.0,1.0,1.0,0.8660361945156353,1.0,1.0,1.0,1.0,1.0,1.0,0.55,1.0,1.0000000000000002,1.0,0.3333333333333333,1.0,1.0,0.763157894736842,1.0,1.0,1.0,1.0,1.0,1.0,1.0,1.0,0.05418138987043581,1.0,1.0,1.0,1.0,1.0,1.0,1.0,0.303951306271468,,1.0,1.0,1.0,1.0,1.0,1.0,1.0,1.0,1.0,1.0,1.0,1.0,1.0,1.0,1.0,1.0,0.3373493975903615,1.0,1.0,1.0,1.0,1.0,1.0,1.0,0.44230011815675463,1.0,1.0,0.17809364548494983,1.0,1.0,1.0,1.0,1.0
1.0,,0.058224985867721867,1.0,1.0,0.7333333333333333,1.0,1.0,1.0,1.0,1.0,0.125,1.0,1.0,1.0000000000000002,1.0,1.0,1.0,1.0,1.0,1.0,1.0,1.0,0.5539033457249072,1.0,1.0,1.0,1.0,1.0,1.0,1.0,1.0,1.0,1.0,1.0,1.0,1.0,1.0,1.0,1.0,1.0,1.0,,1.0,1.0,1.0,1.0,1.0,1.0,1.0,1.0,1.0,1.0,0.7837837837837838,1.0,0.9999999999999999,1.0,1.0,1.0,1.0,1.0,1.0,0.53919255532762,1.0,1.0,1.0,1.0,1.0,1.0,1.0,1.0,1.0,1.0,1.0,1.0,0.8728755948334467
1.0,,1.0,1.0,1.0,1.0,1.0,1.0,1.0,1.0,1.0,1.0,1.0,1.0,1.0,1.0,1.0,0.12553191489361704,1.0,1.0,1.0,1.0,0.6554238833181403,0.5416666666666667,1.0,1.0,1.0,1.0,1.0,1.0,1.0,1.0,1.0,1.0,1.0,1.0,1.0,1.0,1.0,1.0,1.0,1.0,,1.0,1.0,1.0,1.0,1.0,1.0,1.0,1.0,1.0,0.4883720930232559,1.0,1.0,1.0,1.0,1.0,0.16198997007315163,1.0,1.0,1.0,1.0,1.0,1.0,1.0,1.0,1.0,1.0,1.0,1.0,1.0,1.0,0.6842105263157895,1.0,1.0
1.0,,1.0,1.0,1.0,1.0,1.0,1.0,1.0,1.0,,1.0,1.0,1.0,0.03703703703703703,1.0,1.0,1.0,1.0,1.0,1.0,1.0,1.0,1.0,1.0,1.0,1.0,1.0,1.0,1.0,1.0,0.22272925705314425,1.0,1.0,1.0,1.0,1.0,1.0,1.0,1.0,1.0,1.0,,1.0,1.0,0.11403534717965423,1.0,1.0,0.2352389878163074,1.0,1.0,1.0,1.0,1.0,1.0,1.0000000000000002,1.0,1.0,1.0,1.0,1.0,0.19999999999999998,1.0,1.0,0.581769028722094,1.0,1.0,1.0,1.0,1.0,1.0,0.22516556291390727,1.0,1.0,1.0,1.0
1.0,,1.0,1.0,1.0,1.0,1.0,1.0,1.0,1.0,,1.0,1.0,1.0,1.0,1.0,1.0,1.0,1.0,0.040783034257748776,1.0,1.0,1.0,0.575555547955153,1.0,1.0,1.0,1.0,1.0,1.0,1.0,1.0,1.0,1.0,1.0,1.0,1.0,0.13636363636363638,0.22580645161290322,1.0,1.0,1.0,,,1.0,1.0,1.0,1.0,1.0,1.0,0.4701492537313432,0.18181818181818182,1.0,1.0,0.1226021684737281,1.0,1.0,1.0,1.0,1.0,1.0,1.0,1.0,1.0,0.18151235922188097,1.0,0.3807837865231758,1.0,0.22857142857142856,1.0,1.0,1.0,1.0,1.0,1.0,1.0
1.0,,1.0,1.0,1.0,1.0,1.0,0.016557831772595292,1.0,1.0,,1.0,1.0,1.0,1.0,1.0,1.0,0.33333333333333337,0.09011416079669662,1.0,0.03490385464792819,1.0,1.0,1.0,1.0,0.5741444866920152,0.07358798563499837,1.0,0.6551724137931034,1.0,1.0,1.0,1.0,1.0,1.0,1.0,1.0,1.0,,1.0,1.0,1.0,,,1.0,1.0,1.0,1.0,1.0,0.02040816326530612,1.0,1.0,1.0,1.0,1.0,1.0,1.0,1.0,1.0,1.0,1.0,1.0,1.0,1.0,1.0,1.0,1.0,1.0,1.0,1.0,1.0,1.0,1.0,1.0,1.0,1.0
1.0,,0.52,1.0,1.0,1.0,1.0,0.02532140577249681,1.0,1.0,,1.0,1.0,1.0,1.0,1.0,1.0,1.0,0.14514578660685679,0.06678159019529127,1.0,1.0,1.0,1.0,1.0,0.1431948358941722,1.0,1.0,1.0,1.0,1.0,1.0,1.0,0.2631578947368421,1.0,1.0,1.0,1.0,,1.0,1.0,1.0,,,1.0,1.0,1.0,0.0909090909090909,1.0,1.0,1.0,1.0,0.16411831903370158,1.0,1.0,1.0,1.0,1.0,1.0,0.41176470588235287,1.0,1.0,1.0,1.0,1.0,1.0,1.0,1.0,1.0,1.0,1.0,0.3108489678107549,1.0,1.0,1.0,1.0
1.0,,1.0,0.11111111111111112,1.0,1.0,1.0,1.0,1.0,1.0,,1.0,1.0,1.0,1.0,1.0,1.0,1.0,1.0,1.0,1.0,0.6070508239478978,1.0,1.0,1.0,1.0,1.0,1.0,1.0,0.004340409516737378,1.0,1.0,1.0,1.0,1.0,0.6539241857981848,1.0,1.0,,1.0,1.0,1.0,,,1.0,0.8121397566355939,1.0,1.0,1.0,1.0,1.0,0.055283414975507345,1.0,1.0,1.0,0.5482043147596148,1.0,1.0,0.19999999999999998,0.1272727272727273,0.45019063800001974,1.0,1.0,1.0,1.0,1.0,1.0,1.0,1.0,1.0,1.0,1.0,1.0,1.0,1.0,1.0
0.9999999999999999,,1.0,1.0,1.0,1.0,1.0,1.0,1.0,1.0,,1.0,1.0,1.0,1.0,1.0,1.0,1.0,1.0,1.0,1.0,1.0,1.0,1.0,1.0,1.0,1.0,1.0,1.0,1.0,1.0,1.0,1.0,1.0,1.0,0.7777807696377087,1.0,1.0,,1.0,0.2839031016527055,1.0,,,1.0,1.0,1.0,1.0,0.0625,1.0,1.0000000000000002,1.0,1.0,1.0,1.0,1.0,1.0,1.0,1.0,1.0,1.0,1.0,1.0,1.0,1.0,1.0,1.0,1.0,1.0,1.0,,1.0,1.0,1.0,1.0,1.0
1.0,,1.0,1.0,1.0,1.0,0.34758061946214264,1.0,1.0,1.0,,1.0,,1.0,1.0,1.0,1.0,1.0,1.0,1.0,0.4242424242424242,1.0,0.361202931154101,1.0,1.0,1.0,1.0,1.0,0.3274336283185841,1.0,1.0,1.0,1.0,1.0,1.0,1.0,1.0,0.13432835820895522,,0.5346826589562786,1.0,0.692898272552783,,,1.0,1.0,1.0,1.0,1.0,0.25,1.0,1.0,1.0,1.0,1.0,1.0,1.0,1.0,1.0,1.0,1.0,1.0,1.0,1.0,1.0,1.0,1.0,1.0,1.0,1.0,,1.0,1.0,1.0,1.0,1.0
1.0,,1.0,1.0,1.0,1.0,0.41463414634146345,1.0,1.0,1.0,,1.0,,1.0,1.0,1.0,1.0,1.0,1.0,1.0,1.0,1.0,1.0,1.0,1.0,1.0,1.0,1.0,1.0,1.0,1.0,1.0,1.0,1.0,1.0,1.0,1.0,0.3899821109123435,,1.0,1.0,1.0,,,0.3125,1.0,1.0,1.0,1.0,1.0,1.0,1.0,1.0,1.0,1.0,0.5526487900588619,1.0,1.0,1.0,1.0,1.0,1.0,1.0,1.0,1.0,1.0,1.0,1.0,0.4390243902439025,1.0,,1.0,1.0,1.0,1.0,1.0
0.02409638554216867,,1.0,0.1407173031433534,1.0,1.0,1.0,1.0,1.0,1.0,,1.0,,1.0,0.07964825292737994,1.0,1.0,1.0,1.0,1.0,1.0,1.0,1.0,1.0,0.5753363772273626,1.0,1.0,1.0,1.0,1.0,1.0,0.2182496161438912,1.0,1.0,1.0,1.0,1.0,1.0,,1.0,1.0,1.0,,,1.0,1.0,1.0,1.0,1.0,1.0000000000000002,1.0,0.4293777015625936,1.0,1.0,1.0,1.0,1.0,0.18782608695652175,1.0,1.0,1.0,1.0,1.0,1.0,1.0,0.2455516014234876,1.0,1.0,1.0,1.0,,1.0,1.0,1.0,1.0,0.7044938719927372
1.0,,1.0,1.0,0.411764705882353,0.09523809523809523,1.0,1.0,0.4545454545454546,1.0,,1.0,,1.0,1.0,1.0,1.0,1.0,1.0,1.0,1.0,0.33332942878535776,1.0,1.0,0.4327162158798082,1.0,1.0,1.0,1.0,1.0,1.0,1.0,1.0,1.0,1.0,0.9999999999999998,1.0,1.0,,1.0,1.0,1.0,,,1.0,1.0,1.0,1.0,1.0,1.0,1.0,1.0,1.0,1.0,1.0,1.0,1.0,1.0,1.0,1.0,1.0,1.0,1.0,1.0,0.9999999999999999,1.0,1.0,1.0,1.0,1.0,,1.0,1.0,1.0,1.0,1.0
1.0,,1.0,1.0,1.0,0.042094958394517865,1.0,1.0,1.0,1.0,,1.0,,1.0,1.0,1.0,1.0,0.5758329394678817,1.0,0.41379310344827586,1.0,1.0,1.0,1.0,1.0,1.0,1.0,1.0,1.0,1.0,1.0,0.0322405623409976,1.0,1.0,1.0,1.0,0.5307191605834579,1.0,,1.0,1.0,1.0,,,1.0,0.27046818405980444,1.0,1.0,1.0,1.0,1.0,0.8453113900071042,1.0,1.0,1.0,1.0,1.0,1.0,1.0,1.0,1.0,1.0,1.0,1.0,1.0,1.0,1.0,1.0,1.0,1.0,,1.0,1.0,1.0,1.0,0.0975609756097561
1.0,,1.0,,1.0,1.0,1.0,1.0,1.0,1.0,,1.0,,1.0,1.0,1.0,1.0,1.0,1.0,1.0,1.0,1.0,1.0,1.0,1.0,1.0,1.0,1.0,1.0,1.0,1.0,1.0,1.0,1.0,1.0,1.0,1.0,1.0,,0.2258064516129032,1.0,1.0,,,1.0,1.0,1.0,1.0,1.0,1.0,1.0,1.0,1.0,1.0,1.0,1.0000000000000002,1.0,1.0,1.0,1.0,0.453416149068323,1.0,1.0,1.0,1.0,1.0,1.0,1.0,1.0,1.0,,1.0,1.0,0.20766627666079215,1.0,1.0
1.0,,1.0,,1.0,1.0,0.3571428571428571,1.0,1.0,1.0,,1.0,,1.0,1.0,1.0,1.0,0.6174863387978142,1.0,1.0,1.0,1.0,1.0,1.0,1.0,1.0,1.0,1.0,1.0,1.0,1.0,1.0,1.0,1.0,1.0,1.0,1.0,1.0,,0.4417010806878214,1.0,1.0,,,0.06521000792482735,1.0,1.0,1.0,1.0,0.18478705666257528,1.0,1.0,1.0,0.2222222222222222,0.7533419577404054,0.2644628099173554,1.0,1.0,1.0,1.0,0.5649508681089793,,1.0,0.2708997983324077,1.0,1.0,1.0,1.0,1.0,0.19553072625698323,,1.0,1.0,1.0,1.0,0.7931034482758621
0.6708947548851559,,1.0,,1.0,1.0,1.0,1.0,0.11168839982455683,1.0,,1.0,,1.0,1.0,1.0,1.0,1.0,1.0000000000000002,1.0,1.0,1.0,1.0,1.0,1.0000000000000002,1.0,1.0,1.0,1.0,1.0,1.0,0.17901415324548564,1.0,1.0,1.0,1.0,,1.0,,1.0,1.0,1.0,,,1.0,1.0,1.0,1.0,1.0,1.0,1.0,1.0,1.0,1.0,0.5106382978723404,1.0,1.0,1.0,1.0,1.0,1.0,,0.4875191537043541,1.0,1.0,1.0,1.0,1.0,1.0,1.0,,1.0,1.0,1.0,1.0,1.0
1.0,,1.0,,1.0,1.0,1.0,1.0,1.0,1.0,,1.0,,0.6000000000000001,1.0,1.0,1.0,1.0,1.0,0.3093634380039844,1.0,0.027777777777777776,1.0,1.0,1.0,0.3886332009417623,1.0,1.0,1.0,1.0,0.7943347589995629,1.0,1.0,1.0,1.0,1.0,,1.0,,0.19444444444444445,1.0,1.0,,,1.0,1.0,1.0,1.0,1.0,1.0,1.0,0.7361702127659575,1.0,1.0,1.0,1.0,1.0,1.0,1.0,1.0,1.0,,1.0,1.0,1.0,1.0,1.0,1.0,1.0,1.0,,1.0,1.0,1.0,1.0,1.0
1.0,,1.0,,1.0,1.0,1.0,1.0,0.3835210432720806,1.0,,1.0,,1.0,,1.0,1.0,1.0,1.0,1.0,1.0,0.2112340657817205,1.0,1.0,1.0,1.0,1.0,1.0,1.0,1.0,1.0,1.0,1.0,1.0,0.6111986892350024,1.0,,1.0,,1.0,1.0,1.0,,,0.34777481490035134,1.0,0.7222222222222222,1.0,1.0,1.0,1.0,1.0,1.0,1.0,1.0,1.0,0.602992281658264,1.0,1.0,1.0,1.0,,1.0,0.21428571428571427,1.0,1.0,1.0,1.0,1.0,1.0,,1.0,1.0,1.0,0.22222222222222218,1.0
1.0,,1.0,,1.0,1.0,0.3058215155480147,1.0,1.0,1.0,,1.0,,0.7692307692307693,,1.0,1.0,0.18750000000000003,1.0,1.0,1.0,1.0,1.0,1.0,1.0,1.0,1.0,1.0,1.0,1.0,1.0,1.0,1.0,1.0,1.0,1.0,,1.0,,1.0,1.0,0.647887323943662,,,1.0,1.0,0.7419354838709677,1.0,1.0,1.0,1.0,1.0,1.0,1.0,1.0,1.0,,0.730272620102749,,1.0,1.0,,1.0,,1.0,1.0,0.3846153846153846,1.0,1.0,1.0,,1.0,1.0,1.0,,1.0
1.0,,1.0,,1.0,1.0,1.0,1.0,1.0,1.0,,0.28475260854931,,,,1.0,1.0,1.0,1.0,1.0,1.0,1.0,1.0,0.39041533546325885,1.0,1.0,1.0,1.0,1.0,1.0,1.0,1.0,0.425,1.0,1.0,1.0,,1.0,,0.020420878142296893,1.0,1.0,,,1.0,0.5849056603773585,0.6009631922944617,1.0,1.0,1.0,1.0,1.0,1.0,0.07339449541284404,1.0,1.0,,0.5079136690647481,,1.0,1.0,,1.0,,1.0,1.0,1.0,1.0,1.0,1.0,,1.0,1.0,1.0,,1.0
1.0,,1.0,,0.599533693802434,1.0,1.0,0.6956521739130436,1.0,1.0,,1.0,,,,1.0,1.0,0.7292621482152578,1.0,1.0,1.0,1.0,1.0,1.0,1.0,1.0,1.0,1.0,1.0,1.0,1.0,1.0,1.0,1.0,0.30483271375464677,0.3563106796116505,,1.0,,1.0,1.0,1.0,,,1.0,1.0,1.0,1.0,1.0,1.0,1.0,1.0,1.0,1.0,0.6444444444444444,1.0,,1.0,,1.0,1.0,,1.0,,0.09395973154362416,1.0,1.0,1.0,1.0,1.0,,1.0,0.2543779238665566,1.0,,1.0
1.0,,1.0,,1.0,1.0,1.0,1.0,1.0,1.0,,1.0,,,,1.0,1.0,1.0,1.0,1.0,0.15347698324459447,1.0,1.0,1.0,1.0,1.0,1.0,,1.0,1.0,1.0,1.0,1.0,1.0,1.0,1.0,,1.0,,1.0,1.0,1.0,,,1.0,1.0,1.0,1.0,1.0,1.0,1.0,1.0,1.0,1.0,1.0,1.0,,1.0,,1.0,1.0,,1.0,,0.6774193548387097,1.0,1.0,1.0,1.0,1.0,,0.45454545454545453,1.0,1.0,,1.0
1.0,,1.0,,1.0,1.0,1.0,1.0,1.0,1.0,,1.0,,,,0.23076923076923078,1.0,1.0,1.0,1.0,1.0,1.0,1.0,1.0,1.0,1.0,1.0,,1.0,1.0,1.0,0.12903225806451613,1.0,1.0,1.0,1.0,,1.0,,1.0,1.0,0.09090909090909093,,,1.0,1.0,0.03449714842119905,1.0,1.0,1.0,1.0,1.0,1.0,1.0,1.0,1.0,,1.0,,1.0,1.0,,1.0,,0.9999999999999996,1.0,1.0,1.0,1.0,1.0,,0.8235294117647058,,1.0,,1.0
1.0,,1.0,,1.0,1.0,1.0,1.0,1.0,1.0,,1.0,,,,1.0,1.0,1.0,1.0,1.0,1.0,1.0,1.0,1.0,1.0,1.0,,,1.0,1.0,1.0,1.0,1.0,1.0,1.0,0.034657795106721165,,1.0,,1.0,1.0,1.0,,,1.0,1.0,0.7560975609756098,1.0,1.0,1.0,0.3954785672342925,1.0,1.0,1.0,0.20242480732918983,1.0,,1.0,,0.6153846153846153,1.0,,1.0,,0.028571428571428574,1.0,1.0,1.0,1.0,1.0,,1.0,,1.0,,1.0
1.0,,1.0,,1.0,1.0,1.0,1.0,1.0,1.0,,1.0,,,,1.0,1.0,1.0,1.0,1.0,1.0,1.0,1.0,1.0,1.0,1.0,,,1.0,1.0,0.7692307692307693,1.0,0.25,1.0,1.0,1.0,,1.0,,1.0,1.0,1.0,,,1.0,1.0,1.0,1.0,1.0,1.0,1.0,1.0,0.03308285676881412,1.0,1.0,1.0,,1.0,,1.0,1.0,,1.0,,1.0,1.0,1.0,1.0,1.0,0.2,,1.0,,1.0,,0.3863636363636364
1.0,,0.4664503071046615,,1.0,1.0,1.0,1.0,1.0,1.0,,1.0,,,,1.0,1.0,1.0,1.0,1.0,1.0,1.0,1.0,1.0,1.0,1.0,,,1.0,1.0,1.0,1.0,1.0,1.0,1.0,1.0,,1.0,,1.0,0.4038748253503395,0.6301131418624892,,,1.0,1.0,1.0,1.0,1.0,0.0909090909090909,0.05263157894736842,1.0,1.0,1.0,1.0,1.0,,1.0,,1.0,1.0,,1.0,,1.0,1.0,1.0,0.5789473684210525,0.26471638877335374,1.0,,1.0,,0.055495416721174744,,0.5338345864661654
1.0,,1.0,,0.9999999999999999,1.0,1.0,1.0,1.0,1.0,,1.0,,,,1.0,1.0,1.0,1.0,1.0,1.0,1.0,1.0,1.0,1.0,1.0,,,1.0,1.0,1.0,1.0,0.59375,1.0,,1.0,,1.0,,0.1111111111111111,1.0,1.0,,,1.0,1.0,1.0,1.0,0.4353039250421719,0.2559050384967996,1.0,1.0,1.0,1.0,1.0,1.0,,1.0,,1.0,1.0,,1.0,,1.0,1.0,1.0,1.0,1.0,1.0,,0.39330749544088767,,1.0,,1.0
1.0,,1.0,,1.0,1.0,0.631578947368421,1.0,1.0,1.0,,1.0,,,,1.0,1.0,1.0,0.1724137931034483,0.7264738916651174,1.0,0.25105995297859385,1.0,1.0,0.6591405680990532,0.4237928243862962,,,1.0,1.0,1.0,1.0,1.0,0.4,,1.0,,1.0,,1.0,1.0,1.0,,,1.0,1.0,0.15392866720300352,1.0000000000000002,1.0,1.0,1.0,0.7601012706399987,1.0,1.0,1.0,1.0,,1.0,,0.09303626903459347,1.0,,1.0,,1.0,1.0,1.0,1.0,1.0,1.0,,1.0,,1.0,,1.0
1.0,,1.0,,1.0,1.0,1.0,1.0,1.0,1.0000000000000002,,1.0,,,,1.0,1.0,1.0,1.0,0.06306931819486833,1.0,1.0,1.0,1.0,1.0,,,,,1.0,1.0,1.0,1.0,1.0,,1.0,,,,,1.0,0.016228700490062625,,,1.0,1.0,1.0,1.0,1.0,1.0,1.0,1.0,1.0,1.0,1.0,0.02387713207320922,,1.0,,1.0,1.0,,1.0,,1.0,1.0,1.0,1.0,0.5813953488372093,1.0,,1.0,,1.0,,1.0
1.0,,1.0,,1.0,1.0,1.0,0.5583756345177665,1.0,1.0,,1.0,,,,1.0,0.11912297175812218,1.0,1.0,0.9999999999999999,1.0,1.0,1.0,1.0,1.0,,,,,1.0,1.0,1.0,0.27118644067796616,1.0,,1.0,,,,,1.0,1.0,,,1.0,1.0,1.0,1.0,,1.0,1.0,1.0,1.0,0.2417751715549581,1.0,1.0,,1.0,,1.0,1.0,,0.35915407347254386,,1.0,1.0,1.0,1.0,1.0,1.0,,1.0,,1.0,,0.689655172413793
1.0,,1.0,,1.0,0.024125711809104958,1.0,1.0,1.0,1.0,,1.0,,,,1.0,1.0,1.0,1.0,1.0,1.0,1.0,0.03096330275229358,1.0,0.6666666666666666,,,,,1.0,1.0,1.0,1.0,1.0,,1.0,,,,,1.0,1.0,,,1.0,1.0,1.0,1.0,,1.0,1.0,0.07343073932401079,1.0,1.0,1.0,1.0,,1.0,,1.0,1.0,,1.0,,1.0,1.0,0.824,1.0,0.44871794871794873,1.0,,1.0,,,,1.0
1.0,,1.0,,1.0,1.0,1.0,1.0,,1.0,,1.0,,,,1.0,1.0,1.0,1.0,1.0,1.0,1.0,1.0,1.0,1.0,,,,,1.0,1.0,0.9999999999999999,1.0,1.0,,1.0,,,,,1.0,1.0,,,0.7222222222222222,1.0,1.0,1.0,,1.0,1.0,1.0,1.0,1.0,1.0,1.0,,1.0,,1.0,1.0,,1.0,,0.7111111111111111,1.0,1.0,1.0,1.0,1.0,,1.0,,,,0.2142857142857143
1.0,,1.0,,1.0,1.0,1.0,1.0,,1.0,,1.0,,,,0.017198751125036705,1.0,1.0,1.0,0.1791831587586102,0.7473684210526316,1.0,1.0,1.0,1.0,,,,,1.0,1.0,1.0,,1.0,,0.6624804066334438,,,,,,1.0,,,1.0,0.712128837443382,1.0,1.0,,1.0,1.0,1.0,1.0,0.03389830508474577,1.0,1.0,,1.0,,1.0,1.0,,1.0,,1.0,1.0,1.0,1.0,1.0,1.0,,1.0,,,,1.0
1.0,,,,1.0,1.0,1.0,0.28286852589641437,,1.0,,1.0,,,,0.008749611482396781,1.0,1.0,,1.0,1.0,1.0,1.0,1.0,1.0,,,,,1.0,0.41168377491113184,1.0,,1.0,,1.0,,,,,,1.0,,,,1.0,1.0,1.0,,1.0,1.0,1.0,1.0,1.0,0.007049490815165447,1.0,,1.0,,1.0,0.7391304347826086,,1.0,,1.0,1.0,1.0,1.0,1.0,1.0,,1.0,,,,1.0
0.7339497557571527,,,,1.0,1.0,1.0,1.0,,1.0,,1.0,,,,1.0,1.0,0.17708333333333331,,1.0,1.0,1.0,,1.0,1.0,,,,,1.0,1.0,0.23943661971830985,,0.125,,1.0,,,,,,1.0,,,,1.0,0.41176470588235287,1.0,,1.0,0.2152936232968259,1.0,,1.0,,1.0,,1.0,,1.0,1.0,,1.0,,1.0,1.0,1.0,1.0,1.0,1.0,,1.0000000000000002,,,,1.0
1.0,,,,1.0,1.0,1.0,1.0,,1.0,,1.0,,,,1.0,1.0,1.0,,1.0,0.24684042162512926,1.0,,1.0,1.0,,,,,0.23076923076923078,1.0,1.0,,0.022447501810282405,,0.5555555555555556,,,,,,1.0,,,,1.0,0.6381142136081537,1.0,,1.0,1.0,1.0,,,,1.0,,1.0,,0.12444102290792791,1.0,,1.0,,1.0,1.0,1.0,1.0,1.0,0.3076923076923077,,1.0,,,,0.8271604938271606
1.0,,,,1.0,1.0,1.0,1.0,,0.33719966859983436,,1.0,,,,1.0,1.0,1.0,,1.0,0.030973899579614175,1.0,,1.0,1.0,,,,,1.0,1.0,1.0,,,,1.0,,,,,,1.0,,,,1.0,1.0,1.0,,1.0,1.0,0.4456374585686943,,,,1.0,,1.0,,1.0,1.0,,1.0,,1.0,1.0,1.0,1.0,1.0,1.0,,1.0,,,,1.0
0.12059439893313013,,,,0.2038292216813048,1.0,1.0,1.0,,1.0,,1.0,,,,,1.0,1.0,,1.0,1.0,,,1.0,1.0,,,,,1.0,1.0,1.0,,,,1.0,,,,,,1.0,,,,1.0,1.0,1.0,,1.0,1.0,1.0,,,,1.0,,1.0,,0.314986123959297,0.43951612903225806,,1.0,,0.6818181818181818,,1.0,,1.0,1.0,,1.0,,,,1.0
1.0,,,,1.0,1.0,1.0,1.0,,1.0,,1.0,,,,,1.0,1.0,,1.0,1.0,,,1.0,1.0,,,,,1.0,1.0,1.0,,,,1.0,,,,,,1.0,,,,1.0,1.0,1.0,,0.15078534031413615,0.7575757575757576,1.0,,,,0.7096860200948033,,0.12195121951219512,,1.0,1.0,,0.254478107532242,,1.0,,1.0,,1.0,1.0,,1.0,,,,0.045759115215650056
1.0,,,,1.0,1.0,1.0,1.0,,1.0,,1.0,,,,,,1.0,,1.0000000000000002,1.0,,,1.0,,,,,,0.554893019992985,1.0,1.0,,,,0.9999999999999999,,,,,,1.0,,,,0.05840914893375625,1.0,1.0,,1.0,1.0,1.0,,,,1.0,,1.0,,0.3928571428571429,1.0,,1.0,,1.0,,1.0,,1.0,0.2026068305560139,,1.0,,,,1.0
1.0,,,,1.0,,1.0,0.7254457417501464,,1.0,,1.0,,,,,,1.0,,1.0,1.0,,,1.0,,,,,,1.0,1.0,1.0,,,,1.0,,,,,,1.0,,,,1.0,1.0,1.0,,1.0,0.058565153733528545,1.0,,,,0.08253588516746412,,0.043478260869565216,,1.0,1.0,,1.0,,1.0,,1.0,,1.0,1.0,,1.0,,,,1.0
1.0,,,,1.0,,,1.0,,1.0,,1.0,,,,,,1.0,,1.0,1.0,,,1.0,,,,,,1.0,1.0,1.0,,,,1.0,,,,,,1.0,,,,1.0,1.0,1.0,,,,1.0,,,,1.0,,1.0000000000000002,,1.0,1.0,,1.0,,1.0,,0.4716905715581679,,1.0,1.0,,1.0,,,,1.0
0.5322054553744655,,,,1.0,,,1.0,,1.0,,1.0,,,,,,1.0,,0.14296897935218708,1.0,,,1.0000000000000002,,,,,,1.0,1.0,1.0,,,,1.0,,,,,,1.0,,,,1.0,1.0,1.0,,,,0.07269789983844913,,,,1.0,,1.0,,0.7391304347826086,1.0,,1.0,,1.0,,1.0,,1.0,1.0,,0.04651162790697674,,,,1.0
0.7023854318290769,,,,1.0,,,,,0.02953405434094512,,0.015648689635550307,,,,,,1.0,,1.0,1.0,,,1.0,,,,,,1.0,0.7080536912751678,1.0,,,,1.0,,,,,,,,,,1.0,1.0,1.0,,,,1.0,,,,1.0,,1.0,,1.0,1.0,,1.0,,1.0,,1.0,,1.0,1.0,,1.0,,,,1.0
1.0,,,,0.5939932245490918,,,,,1.0,,1.0,,,,,,1.0,,1.0,,,,1.0,,,,,,1.0,1.0,1.0,,,,1.0,,,,,,,,,,1.0,0.04878048780487805,1.0,,,,1.0,,,,1.0,,0.08633093525179857,,1.0,1.0,,1.0,,1.0,,1.0,,0.1281104199066874,,,1.0,,,,1.0
1.0,,,,0.7352941176470589,,,,,1.0,,1.0,,,,,,1.0,,1.0,,,,1.0,,,,,,1.0,1.0,,,,,1.0,,,,,,,,,,1.0,1.0,1.0,,,,1.0,,,,1.0,,1.0,,1.0,,,1.0,,1.0,,0.3968949044585987,,1.0,,,1.0,,,,1.0
1.0,,,,1.0,,,,,1.0,,1.0,,,,,,0.08108108108108107,,1.0,,,,1.0,,,,,,1.0,1.0,,,,,1.0,,,,,,,,,,1.0,1.0,1.0,,,,1.0,,,,1.0,,1.0,,1.0,,,1.0,,1.0,,1.0,,0.04687499999999999,,,1.0,,,,1.0
1.0,,,,1.0,,,,,1.0,,1.0,,,,,,0.6981523767800006,,1.0,,,,1.0,,,,,,1.0,1.0,,,,,1.0,,,,,,,,,,1.0,1.0,1.0,,,,0.0529342260732572,,,,1.0,,0.5465116279069768,,1.0,,,1.0,,1.0,,1.0,,1.0,,,1.0,,,,0.4
1.0,,,,1.0,,,,,1.0,,1.0,,,,,,1.0,,1.0,,,,1.0,,,,,,1.0,1.0,,,,,1.0,,,,,,,,,,0.2429981151253751,1.0,1.0,,,,1.0,,,,1.0,,0.018301010652827097,,1.0,,,1.0,,1.0,,1.0,,1.0,,,1.0,,,,
1.0,,,,1.0,,,,,1.0,,1.0,,,,,,0.30309979903651735,,1.0,,,,1.0,,,,,,1.0,1.0,,,,,1.0,,,,,,,,,,1.0,1.0,1.0,,,,1.0,,,,1.0,,1.0,,1.0,,,1.0,,1.0,,1.0,,1.0,,,1.0,,,,
0.6129032258064515,,,,1.0,,,,,1.0,,1.0,,,,,,1.0,,1.0,,,,1.0,,,,,,1.0,1.0,,,,,1.0,,,,,,,,,,1.0,1.0,1.0,,,,1.0,,,,1.0,,1.0,,1.0,,,1.0,,1.0,,1.0,,1.0,,,1.0,,,,
1.0,,,,1.0,,,,,1.0,,1.0,,,,,,0.18181818181818182,,1.0,,,,1.0,,,,,,1.0,1.0,,,,,1.0,,,,,,,,,,1.0,1.0,,,,,1.0,,,,1.0,,1.0,,1.0,,,1.0,,,,1.0,,1.0,,,1.0,,,,
,,,,0.15335258261148538,,,,,1.0,,1.0,,,,,,1.0,,0.2554475008975972,,,,1.0,,,,,,1.0,,,,,,1.0,,,,,,,,,,1.0,1.0,,,,,1.0,,,,1.0,,1.0,,1.0,,,1.0,,,,1.0,,1.0,,,0.13333333333333336,,,,
,,,,1.0,,,,,1.0,,1.0,,,,,,1.0,,1.0,,,,0.3066603903044346,,,,,,1.0,,,,,,1.0,,,,,,,,,,1.0,1.0,,,,,1.0,,,,1.0,,0.7270471464019851,,1.0,,,1.0,,,,1.0,,1.0,,,1.0,,,,
,,,,0.6292384270330578,,,,,1.0,,1.0,,,,,,1.0,,1.0,,,,1.0,,,,,,1.0,,,,,,0.6775,,,,,,,,,,1.0,1.0,,,,,1.0,,,,1.0,,1.0,,1.0,,,1.0,,,,1.0,,0.2521547715012092,,,1.0,,,,
,,,,1.0,,,,,1.0,,0.29787234042553196,,,,,,1.0,,1.0,,,,1.0,,,,,,,,,,,,1.0,,,,,,,,,,1.0,,,,,,0.6003109974878402,,,,1.0,,1.0,,1.0,,,1.0,,,,0.38994741647209297,,1.0,,,1.0,,,,
,,,,0.0635270334071463,,,,,1.0,,1.0,,,,,,1.0,,0.22543191267657045,,,,1.0,,,,,,,,,,,,1.0,,,,,,,,,,1.0,,,,,,1.0,,,,1.0,,1.0,,1.0,,,,,,,1.0,,1.0,,,,,,,
,,,,1.0,,,,,1.0,,1.0,,,,,,1.0,,1.0,,,,1.0,,,,,,,,,,,,1.0,,,,,,,,,,0.01124956968249042,,,,,,1.0,,,,1.0,,0.3853337355262004,,1.0,,,,,,,1.0,,1.0,,,,,,,
,,,,1.0,,,,,1.0,,0.4633654633654634,,,,,,1.0,,1.0,,,,1.0,,,,,,,,,,,,1.0,,,,,,,,,,,,,,,,1.0,,,,1.0,,1.0,,1.0,,,,,,,1.0,,1.0,,,,,,,
,,,,1.0,,,,,1.0,,1.0,,,,,,0.3617021276595745,,1.0,,,,1.0,,,,,,,,,,,,0.039999999999999994,,,,,,,,,,,,,,,,1.0,,,,1.0,,1.0,,1.0,,,,,,,1.0,,1.0,,,,,,,
,,,,1.0,,,,,1.0,,1.0,,,,,,1.0,,1.0,,,,1.0,,,,,,,,,,,,1.0,,,,,,,,,,,,,,,,1.0,,,,1.0,,1.0,,1.0,,,,,,,1.0,,0.521531100478469,,,,,,,
,,,,1.0,,,,,1.0,,1.0,,,,,,1.0,,1.0,,,,1.0,,,,,,,,,,,,1.0,,,,,,,,,,,,,,,,0.42307692307692313,,,,1.0,,0.12056737588652483,,1.0,,,,,,,1.0,,1.0,,,,,,,
,,,,1.0,,,,,,,1.0,,,,,,1.0,,1.0,,,,0.04931393155454325,,,,,,,,,,,,,,,,,,,,,,,,,,,,1.0,,,,1.0,,1.0,,,,,,,,,,,1.0,,,,,,,
,,,,1.0,,,,,,,1.0,,,,,,1.0,,1.0,,,,0.9999999999999998,,,,,,,,,,,,,,,,,,,,,,,,,,,,0.7605947955390335,,,,1.0,,1.0,,,,,,,,,,,1.0,,,,,,,
,,,,1.0,,,,,,,1.0,,,,,,1.0,,1.0,,,,1.0,,,,,,,,,,,,,,,,,,,,,,,,,,,,1.0,,,,1.0,,1.0,,,,,,,,,,,1.0,,,,,,,
,,,,1.0,,,,,,,1.0,,,,,,1.0,,1.0,,,,1.0,,,,,,,,,,,,,,,,,,,,,,,,,,,,1.0,,,,1.0,,1.0,,,,,,,,,,,1.0,,,,,,,
,,,,1.0,,,,,,,1.0,,,,,,1.0,,1.0,,,,1.0,,,,,,,,,,,,,,,,,,,,,,,,,,,,1.0,,,,1.0,,1.0,,,,,,,,,,,0.20591888155622154,,,,,,,
,,,,1.0,,,,,,,1.0,,,,,,1.0,,0.06443783049672032,,,,0.021610868483516347,,,,,,,,,,,,,,,,,,,,,,,,,,,,1.0,,,,1.0,,1.0,,,,,,,,,,,1.0000000000000002,,,,,,,
,,,,1.0,,,,,,,1.0,,,,,,0.2413793103448276,,1.0,,,,1.0,,,,,,,,,,,,,,,,,,,,,,,,,,,,1.0,,,,1.0,,1.0,,,,,,,,,,,1.0,,,,,,,
,,,,1.0,,,,,,,1.0,,,,,,1.0,,0.21954501081733369,,,,1.0,,,,,,,,,,,,,,,,,,,,,,,,,,,,1.0,,,,1.0,,1.0,,,,,,,,,,,1.0,,,,,,,
,,,,1.0,,,,,,,1.0,,,,,,,,1.0,,,,1.0,,,,,,,,,,,,,,,,,,,,,,,,,,,,0.47368421052631576,,,,1.0,,,,,,,,,,,,,1.0,,,,,,,
,,,,1.0,,,,,,,1.0,,,,,,,,0.19348024779120546,,,,1.0,,,,,,,,,,,,,,,,,,,,,,,,,,,,1.0,,,,1.0,,,,,,,,,,,,,1.0,,,,,,,
,,,,,,,,,,,1.0,,,,,,,,1.0,,,,0.631578947368421,,,,,,,,,,,,,,,,,,,,,,,,,,,,1.0,,,,1.0,,,,,,,,,,,,,1.0,,,,,,,
,,,,,,,,,,,1.0,,,,,,,,1.0,,,,1.0,,,,,,,,,,,,,,,,,,,,,,,,,,,,1.0,,,,1.0,,,,,,,,,,,,,1.0,,,,,,,
,,,,,,,,,,,1.0,,,,,,,,1.0,,,,1.0,,,,,,,,,,,,,,,,,,,,,,,,,,,,1.0,,,,1.0,,,,,,,,,,,,,1.0,,,,,,,
,,,,,,,,,,,1.0,,,,,,,,1.0,,,,,,,,,,,,,,,,,,,,,,,,,,,,,,,,1.0,,,,,,,,,,,,,,,,,0.6485307114449845,,,,,,,
,,,,,,,,,,,,,,,,,,,1.0,,,,,,,,,,,,,,,,,,,,,,,,,,,,,,,,1.0,,,,,,,,,,,,,,,,,1.0,,,,,,,
,,,,,,,,,,,,,,,,,,,1.0,,,,,,,,,,,,,,,,,,,,,,,,,,,,,,,,1.0,,,,,,,,,,,,,,,,,1.0,,,,,,,
,,,,,,,,,,,,,,,,,,,1.0,,,,,,,,,,,,,,,,,,,,,,,,,,,,,,,,1.0,,,,,,,,,,,,,,,,,1.0,,,,,,,
,,,,,,,,,,,,,,,,,,,1.0,,,,,,,,,,,,,,,,,,,,,,,,,,,,,,,,0.8029197080291971,,,,,,,,,,,,,,,,,1.0,,,,,,,
,,,,,,,,,,,,,,,,,,,1.0,,,,,,,,,,,,,,,,,,,,,,,,,,,,,,,,1.0,,,,,,,,,,,,,,,,,1.0,,,,,,,
,,,,,,,,,,,,,,,,,,,1.0,,,,,,,,,,,,,,,,,,,,,,,,,,,,,,,,0.14893617021276598,,,,,,,,,,,,,,,,,1.0,,,,,,,
,,,,,,,,,,,,,,,,,,,1.0,,,,,,,,,,,,,,,,,,,,,,,,,,,,,,,,1.0,,,,,,,,,,,,,,,,,1.0,,,,,,,
,,,,,,,,,,,,,,,,,,,1.0,,,,,,,,,,,,,,,,,,,,,,,,,,,,,,,,0.07083397714368835,,,,,,,,,,,,,,,,,1.0,,,,,,,
,,,,,,,,,,,,,,,,,,,1.0,,,,,,,,,,,,,,,,,,,,,,,,,,,,,,,,0.041666666666666664,,,,,,,,,,,,,,,,,1.0,,,,,,,
,,,,,,,,,,,,,,,,,,,1.0,,,,,,,,,,,,,,,,,,,,,,,,,,,,,,,,0.08695652173913045,,,,,,,,,,,,,,,,,0.5671701112877583,,,,,,,
,,,,,,,,,,,,,,,,,,,0.0844306738962045,,,,,,,,,,,,,,,,,,,,,,,,,,,,,,,,1.0,,,,,,,,,,,,,,,,,0.6814150584521081,,,,,,,
,,,,,,,,,,,,,,,,,,,1.0,,,,,,,,,,,,,,,,,,,,,,,,,,,,,,,,1.0,,,,,,,,,,,,,,,,,0.15376054371855205,,,,,,,
,,,,,,,,,,,,,,,,,,,1.0,,,,,,,,,,,,,,,,,,,,,,,,,,,,,,,,1.0,,,,,,,,,,,,,,,,,1.0,,,,,,,
,,,,,,,,,,,,,,,,,,,1.0,,,,,,,,,,,,,,,,,,,,,,,,,,,,,,,,,,,,,,,,,,,,,,,,,1.0,,,,,,,
,,,,,,,,,,,,,,,,,,,1.0,,,,,,,,,,,,,,,,,,,,,,,,,,,,,,,,,,,,,,,,,,,,,,,,,1.0,,,,,,,
,,,,,,,,,,,,,,,,,,,1.0,,,,,,,,,,,,,,,,,,,,,,,,,,,,,,,,,,,,,,,,,,,,,,,,,0.8064811500895162,,,,,,,
,,,,,,,,,,,,,,,,,,,1.0,,,,,,,,,,,,,,,,,,,,,,,,,,,,,,,,,,,,,,,,,,,,,,,,,1.0,,,,,,,
,,,,,,,,,,,,,,,,,,,1.0,,,,,,,,,,,,,,,,,,,,,,,,,,,,,,,,,,,,,,,,,,,,,,,,,1.0,,,,,,,
,,,,,,,,,,,,,,,,,,,1.0,,,,,,,,,,,,,,,,,,,,,,,,,,,,,,,,,,,,,,,,,,,,,,,,,1.0,,,,,,,
,,,,,,,,,,,,,,,,,,,1.0,,,,,,,,,,,,,,,,,,,,,,,,,,,,,,,,,,,,,,,,,,,,,,,,,1.0,,,,,,,
,,,,,,,,,,,,,,,,,,,1.0,,,,,,,,,,,,,,,,,,,,,,,,,,,,,,,,,,,,,,,,,,,,,,,,,1.0,,,,,,,
,,,,,,,,,,,,,,,,,,,0.5164531923187857,,,,,,,,,,,,,,,,,,,,,,,,,,,,,,,,,,,,,,,,,,,,,,,,,1.0,,,,,,,
,,,,,,,,,,,,,,,,,,,1.0,,,,,,,,,,,,,,,,,,,,,,,,,,,,,,,,,,,,,,,,,,,,,,,,,0.06504065040650407,,,,,,,
,,,,,,,,,,,,,,,,,,,1.0,,,,,,,,,,,,,,,,,,,,,,,,,,,,,,,,,,,,,,,,,,,,,,,,,1.0,,,,,,,
,,,,,,,,,,,,,,,,,,,1.0,,,,,,,,,,,,,,,,,,,,,,,,,,,,,,,,,,,,,,,,,,,,,,,,,1.0,,,,,,,
,,,,,,,,,,,,,,,,,,,1.0,,,,,,,,,,,,,,,,,,,,,,,,,,,,,,,,,,,,,,,,,,,,,,,,,1.0,,,,,,,
,,,,,,,,,,,,,,,,,,,1.0,,,,,,,,,,,,,,,,,,,,,,,,,,,,,,,,,,,,,,,,,,,,,,,,,1.0,,,,,,,
,,,,,,,,,,,,,,,,,,,1.0,,,,,,,,,,,,,,,,,,,,,,,,,,,,,,,,,,,,,,,,,,,,,,,,,1.0,,,,,,,
,,,,,,,,,,,,,,,,,,,1.0,,,,,,,,,,,,,,,,,,,,,,,,,,,,,,,,,,,,,,,,,,,,,,,,,1.0,,,,,,,
,,,,,,,,,,,,,,,,,,,1.0,,,,,,,,,,,,,,,,,,,,,,,,,,,,,,,,,,,,,,,,,,,,,,,,,1.0,,,,,,,
,,,,,,,,,,,,,,,,,,,1.0,,,,,,,,,,,,,,,,,,,,,,,,,,,,,,,,,,,,,,,,,,,,,,,,,1.0,,,,,,,
,,,,,,,,,,,,,,,,,,,1.0,,,,,,,,,,,,,,,,,,,,,,,,,,,,,,,,,,,,,,,,,,,,,,,,,1.0,,,,,,,
,,,,,,,,,,,,,,,,,,,1.0,,,,,,,,,,,,,,,,,,,,,,,,,,,,,,,,,,,,,,,,,,,,,,,,,,,,,,,,
,,,,,,,,,,,,,,,,,,,1.0000000000000002,,,,,,,,,,,,,,,,,,,,,,,,,,,,,,,,,,,,,,,,,,,,,,,,,,,,,,,,
,,,,,,,,,,,,,,,,,,,0.4594594594594595,,,,,,,,,,,,,,,,,,,,,,,,,,,,,,,,,,,,,,,,,,,,,,,,,,,,,,,,
,,,,,,,,,,,,,,,,,,,1.0,,,,,,,,,,,,,,,,,,,,,,,,,,,,,,,,,,,,,,,,,,,,,,,,,,,,,,,,
,,,,,,,,,,,,,,,,,,,1.0,,,,,,,,,,,,,,,,,,,,,,,,,,,,,,,,,,,,,,,,,,,,,,,,,,,,,,,,
,,,,,,,,,,,,,,,,,,,1.0,,,,,,,,,,,,,,,,,,,,,,,,,,,,,,,,,,,,,,,,,,,,,,,,,,,,,,,,
,,,,,,,,,,,,,,,,,,,1.0,,,,,,,,,,,,,,,,,,,,,,,,,,,,,,,,,,,,,,,,,,,,,,,,,,,,,,,,
,,,,,,,,,,,,,,,,,,,1.0,,,,,,,,,,,,,,,,,,,,,,,,,,,,,,,,,,,,,,,,,,,,,,,,,,,,,,,,
,,,,,,,,,,,,,,,,,,,1.0,,,,,,,,,,,,,,,,,,,,,,,,,,,,,,,,,,,,,,,,,,,,,,,,,,,,,,,,
,,,,,,,,,,,,,,,,,,,1.0000000000000002,,,,,,,,,,,,,,,,,,,,,,,,,,,,,,,,,,,,,,,,,,,,,,,,,,,,,,,,
,,,,,,,,,,,,,,,,,,,1.0,,,,,,,,,,,,,,,,,,,,,,,,,,,,,,,,,,,,,,,,,,,,,,,,,,,,,,,,
,,,,,,,,,,,,,,,,,,,1.0,,,,,,,,,,,,,,,,,,,,,,,,,,,,,,,,,,,,,,,,,,,,,,,,,,,,,,,,
,,,,,,,,,,,,,,,,,,,1.0,,,,,,,,,,,,,,,,,,,,,,,,,,,,,,,,,,,,,,,,,,,,,,,,,,,,,,,,
,,,,,,,,,,,,,,,,,,,1.0,,,,,,,,,,,,,,,,,,,,,,,,,,,,,,,,,,,,,,,,,,,,,,,,,,,,,,,,
,,,,,,,,,,,,,,,,,,,1.0,,,,,,,,,,,,,,,,,,,,,,,,,,,,,,,,,,,,,,,,,,,,,,,,,,,,,,,,
,,,,,,,,,,,,,,,,,,,1.0,,,,,,,,,,,,,,,,,,,,,,,,,,,,,,,,,,,,,,,,,,,,,,,,,,,,,,,,
,,,,,,,,,,,,,,,,,,,1.0,,,,,,,,,,,,,,,,,,,,,,,,,,,,,,,,,,,,,,,,,,,,,,,,,,,,,,,,
,,,,,,,,,,,,,,,,,,,1.0,,,,,,,,,,,,,,,,,,,,,,,,,,,,,,,,,,,,,,,,,,,,,,,,,,,,,,,,
,,,,,,,,,,,,,,,,,,,0.4289674289674289,,,,,,,,,,,,,,,,,,,,,,,,,,,,,,,,,,,,,,,,,,,,,,,,,,,,,,,,
,,,,,,,,,,,,,,,,,,,1.0,,,,,,,,,,,,,,,,,,,,,,,,,,,,,,,,,,,,,,,,,,,,,,,,,,,,,,,,
,,,,,,,,,,,,,,,,,,,1.0,,,,,,,,,,,,,,,,,,,,,,,,,,,,,,,,,,,,,,,,,,,,,,,,,,,,,,,,
,,,,,,,,,,,,,,,,,,,1.0,,,,,,,,,,,,,,,,,,,,,,,,,,,,,,,,,,,,,,,,,,,,,,,,,,,,,,,,
,,,,,,,,,,,,,,,,,,,0.6666666666666666,,,,,,,,,,,,,,,,,,,,,,,,,,,,,,,,,,,,,,,,,,,,,,,,,,,,,,,,
,,,,,,,,,,,,,,,,,,,1.0,,,,,,,,,,,,,,,,,,,,,,,,,,,,,,,,,,,,,,,,,,,,,,,,,,,,,,,,
,,,,,,,,,,,,,,,,,,,1.0,,,,,,,,,,,,,,,,,,,,,,,,,,,,,,,,,,,,,,,,,,,,,,,,,,,,,,,,
,,,,,,,,,,,,,,,,,,,0.23655913978494628,,,,,,,,,,,,,,,,,,,,,,,,,,,,,,,,,,,,,,,,,,,,,,,,,,,,,,,,
,,,,,,,,,,,,,,,,,,,1.0,,,,,,,,,,,,,,,,,,,,,,,,,,,,,,,,,,,,,,,,,,,,,,,,,,,,,,,,
,,,,,,,,,,,,,,,,,,,1.0,,,,,,,,,,,,,,,,,,,,,,,,,,,,,,,,,,,,,,,,,,,,,,,,,,,,,,,,
,,,,,,,,,,,,,,,,,,,1.0,,,,,,,,,,,,,,,,,,,,,,,,,,,,,,,,,,,,,,,,,,,,,,,,,,,,,,,,
,,,,,,,,,,,,,,,,,,,1.0,,,,,,,,,,,,,,,,,,,,,,,,,,,,,,,,,,,,,,,,,,,,,,,,,,,,,,,,
,,,,,,,,,,,,,,,,,,,1.0,,,,,,,,,,,,,,,,,,,,,,,,,,,,,,,,,,,,,,,,,,,,,,,,,,,,,,,,
,,,,,,,,,,,,,,,,,,,0.21951219512195122,,,,,,,,,,,,,,,,,,,,,,,,,,,,,,,,,,,,,,,,,,,,,,,,,,,,,,,,
,,,,,,,,,,,,,,,,,,,1.0,,,,,,,,,,,,,,,,,,,,,,,,,,,,,,,,,,,,,,,,,,,,,,,,,,,,,,,,
,,,,,,,,,,,,,,,,,,,1.0,,,,,,,,,,,,,,,,,,,,,,,,,,,,,,,,,,,,,,,,,,,,,,,,,,,,,,,,
,,,,,,,,,,,,,,,,,,,1.0,,,,,,,,,,,,,,,,,,,,,,,,,,,,,,,,,,,,,,,,,,,,,,,,,,,,,,,,
,,,,,,,,,,,,,,,,,,,1.0,,,,,,,,,,,,,,,,,,,,,,,,,,,,,,,,,,,,,,,,,,,,,,,,,,,,,,,,
,,,,,,,,,,,,,,,,,,,1.0,,,,,,,,,,,,,,,,,,,,,,,,,,,,,,,,,,,,,,,,,,,,,,,,,,,,,,,,
,,,,,,,,,,,,,,,,,,,1.0,,,,,,,,,,,,,,,,,,,,,,,,,,,,,,,,,,,,,,,,,,,,,,,,,,,,,,,,
,,,,,,,,,,,,,,,,,,,1.0,,,,,,,,,,,,,,,,,,,,,,,,,,,,,,,,,,,,,,,,,,,,,,,,,,,,,,,,
,,,,,,,,,,,,,,,,,,,1.0,,,,,,,,,,,,,,,,,,,,,,,,,,,,,,,,,,,,,,,,,,,,,,,,,,,,,,,,
,,,,,,,,,,,,,,,,,,,1.0,,,,,,,,,,,,,,,,,,,,,,,,,,,,,,,,,,,,,,,,,,,,,,,,,,,,,,,,
,,,,,,,,,,,,,,,,,,,1.0,,,,,,,,,,,,,,,,,,,,,,,,,,,,,,,,,,,,,,,,,,,,,,,,,,,,,,,,
,,,,,,,,,,,,,,,,,,,1.0,,,,,,,,,,,,,,,,,,,,,,,,,,,,,,,,,,,,,,,,,,,,,,,,,,,,,,,,
,,,,,,,,,,,,,,,,,,,0.3623804463336875,,,,,,,,,,,,,,,,,,,,,,,,,,,,,,,,,,,,,,,,,,,,,,,,,,,,,,,,
,,,,,,,,,,,,,,,,,,,1.0,,,,,,,,,,,,,,,,,,,,,,,,,,,,,,,,,,,,,,,,,,,,,,,,,,,,,,,,
,,,,,,,,,,,,,,,,,,,1.0,,,,,,,,,,,,,,,,,,,,,,,,,,,,,,,,,,,,,,,,,,,,,,,,,,,,,,,,
,,,,,,,,,,,,,,,,,,,1.0,,,,,,,,,,,,,,,,,,,,,,,,,,,,,,,,,,,,,,,,,,,,,,,,,,,,,,,,
,,,,,,,,,,,,,,,,,,,0.043913279248051544,,,,,,,,,,,,,,,,,,,,,,,,,,,,,,,,,,,,,,,,,,,,,,,,,,,,,,,,
,,,,,,,,,,,,,,,,,,,1.0,,,,,,,,,,,,,,,,,,,,,,,,,,,,,,,,,,,,,,,,,,,,,,,,,,,,,,,,
,,,,,,,,,,,,,,,,,,,1.0,,,,,,,,,,,,,,,,,,,,,,,,,,,,,,,,,,,,,,,,,,,,,,,,,,,,,,,,
,,,,,,,,,,,,,,,,,,,1.0,,,,,,,,,,,,,,,,,,,,,,,,,,,,,,,,,,,,,,,,,,,,,,,,,,,,,,,,
,,,,,,,,,,,,,,,,,,,1.0,,,,,,,,,,,,,,,,,,,,,,,,,,,,,,,,,,,,,,,,,,,,,,,,,,,,,,,,
,,,,,,,,,,,,,,,,,,,1.0,,,,,,,,,,,,,,,,,,,,,,,,,,,,,,,,,,,,,,,,,,,,,,,,,,,,,,,,
,,,,,,,,,,,,,,,,,,,1.0,,,,,,,,,,,,,,,,,,,,,,,,,,,,,,,,,,,,,,,,,,,,,,,,,,,,,,,,
,,,,,,,,,,,,,,,,,,,1.0,,,,,,,,,,,,,,,,,,,,,,,,,,,,,,,,,,,,,,,,,,,,,,,,,,,,,,,,
,,,,,,,,,,,,,,,,,,,0.018538713195201742,,,,,,,,,,,,,,,,,,,,,,,,,,,,,,,,,,,,,,,,,,,,,,,,,,,,,,,,
,,,,,,,,,,,,,,,,,,,1.0,,,,,,,,,,,,,,,,,,,,,,,,,,,,,,,,,,,,,,,,,,,,,,,,,,,,,,,,
,,,,,,,,,,,,,,,,,,,1.0,,,,,,,,,,,,,,,,,,,,,,,,,,,,,,,,,,,,,,,,,,,,,,,,,,,,,,,,
,,,,,,,,,,,,,,,,,,,1.0,,,,,,,,,,,,,,,,,,,,,,,,,,,,,,,,,,,,,,,,,,,,,,,,,,,,,,,,
,,,,,,,,,,,,,,,,,,,0.05194377632331962,,,,,,,,,,,,,,,,,,,,,,,,,,,,,,,,,,,,,,,,,,,,,,,,,,,,,,,,
,,,,,,,,,,,,,,,,,,,1.0,,,,,,,,,,,,,,,,,,,,,,,,,,,,,,,,,,,,,,,,,,,,,,,,,,,,,,,,
,,,,,,,,,,,,,,,,,,,0.27272727272727276,,,,,,,,,,,,,,,,,,,,,,,,,,,,,,,,,,,,,,,,,,,,,,,,,,,,,,,,
,,,,,,,,,,,,,,,,,,,1.0,,,,,,,,,,,,,,,,,,,,,,,,,,,,,,,,,,,,,,,,,,,,,,,,,,,,,,,,
,,,,,,,,,,,,,,,,,,,1.0,,,,,,,,,,,,,,,,,,,,,,,,,,,,,,,,,,,,,,,,,,,,,,,,,,,,,,,,
,,,,,,,,,,,,,,,,,,,1.0,,,,,,,,,,,,,,,,,,,,,,,,,,,,,,,,,,,,,,,,,,,,,,,,,,,,,,,,
,,,,,,,,,,,,,,,,,,,1.0,,,,,,,,,,,,,,,,,,,,,,,,,,,,,,,,,,,,,,,,,,,,,,,,,,,,,,,,
,,,,,,,,,,,,,,,,,,,1.0,,,,,,,,,,,,,,,,,,,,,,,,,,,,,,,,,,,,,,,,,,,,,,,,,,,,,,,,
,,,,,,,,,,,,,,,,,,,1.0,,,,,,,,,,,,,,,,,,,,,,,,,,,,,,,,,,,,,,,,,,,,,,,,,,,,,,,,
,,,,,,,,,,,,,,,,,,,1.0,,,,,,,,,,,,,,,,,,,,,,,,,,,,,,,,,,,,,,,,,,,,,,,,,,,,,,,,
,,,,,,,,,,,,,,,,,,,1.0,,,,,,,,,,,,,,,,,,,,,,,,,,,,,,,,,,,,,,,,,,,,,,,,,,,,,,,,
,,,,,,,,,,,,,,,,,,,1.0,,,,,,,,,,,,,,,,,,,,,,,,,,,,,,,,,,,,,,,,,,,,,,,,,,,,,,,,
,,,,,,,,,,,,,,,,,,,1.0,,,,,,,,,,,,,,,,,,,,,,,,,,,,,,,,,,,,,,,,,,,,,,,,,,,,,,,,
